Workbook

Sheet Portada
B8: Cuadro de parámetros geotécnicos adoptados y su rango de sensibilidad
B9: Objetivo específico 3 · Actividad 3 — Geotecnia de los portales del túnel Ferropista
B11: Objetivo | C11: OE 3: Estimar la capacidad portante preliminar del terreno de fundación de las infraestructuras de superficie en los portales de Ibagué y Armenia
B12: Actividad | C12: 3. Definición de los parámetros geotécnicos de diseño adoptados y de su rango de sensibilidad
B13: Entregable / formato | C13: Cuadro de parámetros adoptados · Documento Excel
B14: Periodo | C14: Bloque 2 del Plan de Acción (5 oct - 7 nov 2026)
B15: Responsable asignado | C15: Tamayo Osorio Miguel Ángel
B16: Semillero | C16: Semillero de Investigación GEOPAV · Ingeniería Civil · Universidad de Ibagué · Paz y Región 2026B
B17: Fecha de elaboración | C17: 28 sep 2026
B18: Advertencia | C18: NINGÚN valor proviene de exploración en los portales. Son rangos de fuentes publicadas de materiales análogos o supuestos declarados. No son parámetros de diseño: sirven para el análisis de sensibilidad de la actividad 4 y para dimensionar la exploración que haría falta.
B20: Índice de hojas
B21: Resumen | C21: Tabla 1. Resumen de los seis juegos de parámetros (valor típico y rango)
B22: Suelos | C22: Tabla 2. Suelos superficiales S1 y S2 (entradas de la actividad 4, Meyerhof)
B23: Roca | C23: Tabla 3. Roca R1-R4: entradas Hoek-Brown y propiedades equivalentes del macizo [CP]
B24: Marcas y fuentes | C24: Tabla 4. Marcas F / CP / H y Tabla 5. Fuentes citadas
B26: Índice de anexos: este cuadro no tiene anexos. Índice de figuras: no tiene figuras. Elaborado con apoyo de IA (Claude) y verificado contra las fuentes citadas: cada valor se leyó en el documento original descargado. Script: OE3_Geotecnia/Act3_Parametros/cuadro_parametros_OE3.py

Sheet Resumen
A1: Tabla 1. Resumen de los seis juegos de parámetros (valor típico y rango mínimo-máximo)
A3: Juego | B3: Portal | C3: Tipo | D3: Unidad / material | E3: c′ típ. (kPa) | F3: c′ rango | G3: φ′ típ. (°) | H3: φ′ rango | I3: γ típ. (kN/m³) | J3: Uso
A4: S1 | B4: Oriental (Ibagué) | C4: Suelo | D4: Suelo residual sobre PCAn / Jcdi: Limo arenoso residual de rocas granitoides y neises (zona B del perfil de meteorización) | E4: =Suelos!G5 -> 15 | F4: =TEXT(Suelos!F5,"0")&" – "&TEXT(Suelos!H5,"0") -> 0 – 29 | G4: =Suelos!G6 -> 30 | H4: =TEXT(Suelos!F6,"0")&" – "&TEXT(Suelos!H6,"0") -> 27 – 32 | I4: =Suelos!G7 -> 17 | J4: Capacidad portante admisible (Act 4, Meyerhof)
A5: S2 | B5: Occidental (Calarcá) | C5: Suelo | D5: Cobertura de cenizas (Andisol) sobre Kqs / Kqv: Ceniza volcánica alofánica (Eje Cafetero) | E5: =Suelos!G8 -> 25 | F5: =TEXT(Suelos!F8,"0")&" – "&TEXT(Suelos!H8,"0") -> 15 – 35 | G5: =Suelos!G9 -> 28 | H5: =TEXT(Suelos!F9,"0")&" – "&TEXT(Suelos!H9,"0") -> 23 – 33 | I5: =Suelos!G10 -> 13.5 | J5: Capacidad portante admisible (Act 4, Meyerhof)
A6: R1 | B6: Oriental (Ibagué) | C6: Roca | D6: PCAn — Neises y Anfibolitas de Tierradentro — Neis cuarzo-feldespático-biotítico, meteorizado | E6: =Roca!M7 -> 375.37644 | F6: =TEXT(Roca!M6,"0")&" – "&TEXT(Roca!M8,"0") -> 203 – 753 | G6: =Roca!L7 -> 62.444973 | H6: =TEXT(Roca!L6,"0")&" – "&TEXT(Roca!L8,"0") -> 52 – 68 | I6: =Roca!O7 -> 26 | J6: Referencia (roca bajo la cobertura); no entra en Meyerhof
A7: R2 | B7: Oriental (Ibagué) | C7: Roca | D7: Jcdi — Batolito de Ibagué — Granodiorita biotítico-hornbléndica | E7: =Roca!M10 -> 513.75259 | F7: =TEXT(Roca!M9,"0")&" – "&TEXT(Roca!M11,"0") -> 231 – 1300 | G7: =Roca!L10 -> 65.438709 | H7: =TEXT(Roca!L9,"0")&" – "&TEXT(Roca!L11,"0") -> 54 – 70 | I7: =Roca!O10 -> 26 | J7: Referencia (roca bajo la cobertura); no entra en Meyerhof
A8: R3 | B8: Occidental (Calarcá) | C8: Roca | D8: Kqs — Fm. Quebradagrande, miembro sedimentario — Grauvacas, lutitas, chert, calizas; localmente cataclasadas | E8: =Roca!M13 -> 185.30652 | F8: =TEXT(Roca!M12,"0")&" – "&TEXT(Roca!M14,"0") -> 79 – 342 | G8: =Roca!L13 -> 47.625544 | H8: =TEXT(Roca!L12,"0")&" – "&TEXT(Roca!L14,"0") -> 28 – 59 | I8: =Roca!O13 -> 26 | J8: Referencia (roca bajo la cobertura); no entra en Meyerhof
A9: R4 | B9: Occidental (Calarcá) | C9: Roca | D9: Kqv — Fm. Quebradagrande, miembro volcánico — Diabasas y andesitas; sectores de intensa cataclasis | E9: =Roca!M16 -> 349.57336 | F9: =TEXT(Roca!M15,"0")&" – "&TEXT(Roca!M17,"0") -> 161 – 843 | G9: =Roca!L16 -> 60.078185 | H9: =TEXT(Roca!L15,"0")&" – "&TEXT(Roca!L17,"0") -> 46 – 68 | I9: =Roca!O16 -> 26 | J9: Referencia (roca bajo la cobertura); no entra en Meyerhof
A11: Fuente: hojas «Suelos» y «Roca». En roca, c′ y φ′ son equivalentes Mohr-Coulomb del macizo [CP] para σ3max de Roca!C3.
A12: Factores de seguridad para la actividad 4 (NSR-10, tabla H.4.7-1, verificada): CM+CV normal 3,0 · CM+CV máxima 2,5 · CM+CV normal+sismo seudoestático 1,5.

Sheet Suelos
A1: Tabla 2. Suelos superficiales: parámetros adoptados y rango de sensibilidad
A2: Texto azul = entrada editable. Fondo amarillo = hipótesis [H]. Estos juegos alimentan la capacidad portante admisible (actividad 4, Meyerhof).
A4: Juego | B4: Portal | C4: Material | D4: Parámetro | E4: Unidad | F4: Mínimo | G4: Típico | H4: Máximo | I4: Marca | J4: Fuente | K4: Nota
A5: S1 | B5: Oriental (Ibagué) | C5: Suelo residual sobre PCAn / Jcdi: Limo arenoso residual de rocas granitoides y neises (zona B del perfil de meteorización) | D5: c′ (cohesión efectiva) | E5: kPa | F5: 0 | G5: 15 | H5: 29 | I5: F | J5: CAR74 | K5: Análogo: Batolito Antioqueño [H]. Zona B: c′ «alrededor de 0,3 kg/cm²» (≈29 kPa). Mínimo 0: el autor indica que la cohesión desaparece con saturación total.
A6: S1 | B6: Oriental (Ibagué) | C6: Suelo residual sobre PCAn / Jcdi: Limo arenoso residual de rocas granitoides y neises (zona B del perfil de meteorización) | D6: φ′ (ángulo de fricción efectivo) | E6: ° | F6: 27 | G6: 30 | H6: 32 | I6: F | J6: CAR74 | K6: Zona B: φ′ entre 27° y 32°, esfuerzos efectivos.
A7: S1 | B7: Oriental (Ibagué) | C7: Suelo residual sobre PCAn / Jcdi: Limo arenoso residual de rocas granitoides y neises (zona B del perfil de meteorización) | D7: γ (peso unitario total) | E7: kN/m³ | F7: 16 | G7: 17 | H7: 18 | I7: H | J7: — | K7: Supuesto. CAR74 reporta «densidad natural» 1,28-1,32 g/cm³, que parece densidad seca; no se usa como γ total.
A8: S2 | B8: Occidental (Calarcá) | C8: Cobertura de cenizas (Andisol) sobre Kqs / Kqv: Ceniza volcánica alofánica (Eje Cafetero) | D8: c (cohesión, ensayo UU) | E8: kPa | F8: 15 | G8: 25 | H8: 35 | I8: F | J8: BBM13 | K8: Análogo: Pereira [H]. Leído de la figura 2: 17-39 kPa para S = 71-97 %; decrece al saturarse. Ensayo no drenado, no efectivo.
A9: S2 | B9: Occidental (Calarcá) | C9: Cobertura de cenizas (Andisol) sobre Kqs / Kqv: Ceniza volcánica alofánica (Eje Cafetero) | D9: φ (ángulo de fricción, UU) | E9: ° | F9: 23 | G9: 28 | H9: 33 | I9: F | J9: BBM13 | K9: Leído de la figura 3: 20-40° con dispersión; la mayoría entre 23° y 35°.
A10: S2 | B10: Occidental (Calarcá) | C10: Cobertura de cenizas (Andisol) sobre Kqs / Kqv: Ceniza volcánica alofánica (Eje Cafetero) | D10: γ (peso unitario húmedo) | E10: kN/m³ | F10: 11.9 | G10: 13.5 | H10: 15.6 | I10: F | J10: BBM13 | K10: Tabla 1: 11,9-14,4 kN/m³ sin saturar; 12,6-15,6 saturadas. Típico: valor medio adoptado [H].
A12: Fuente: CAR74 y BBM13 (ver hoja «Marcas y fuentes»). Los análogos no son del sitio del portal [H].

Sheet Roca
A1: Tabla 3. Roca: entradas Hoek-Brown y propiedades equivalentes del macizo rocoso
A2: Criterio generalizado de Hoek-Brown (HCC02). Entradas en azul; propiedades equivalentes calculadas con fórmulas [CP] para el esfuerzo de confinamiento máximo σ3max de la celda C3 (zona de influencia de una cimentación superficial, supuesto [H]).
A3: σ3max (MPa) [H] | C3: 0.5 | E3: D (factor de alteración) [H] | G3: 0
A5: Juego | B5: Portal | C5: Unidad | D5: Caso | E5: σci (MPa) | F5: mi | G5: GSI | H5: mb | I5: s | J5: a | K5: σ3n | L5: φ′ (°) | M5: c′ (kPa) | N5: σcm (MPa) | O5: γ (kN/m³) [H]
A6: R1 | B6: Oriental (Ibagué) | C6: PCAn — Neises y Anfibolitas de Tierradentro — Neis cuarzo-feldespático-biotítico, meteorizado | D6: Mínimo | E6: 25 | F6: 23 | G6: 30 | H6: =F6*EXP((G6-100)/(28-14*$G$3)) -> 1.887955 | I6: =EXP((G6-100)/(9-3*$G$3)) -> 0.00041894212 | J6: =0.5+(EXP(-G6/15)-EXP(-20/3))/6 -> 0.52234377 | K6: =$C$3/E6 -> 0.02 | L6: =DEGREES(ASIN((6*J6*H6*(I6+H6*K6)^(J6-1))/(2*(1+J6)*(2+J6)+(6*J6*H6*(I6+H6*K6)^(J6-1))))) -> 51.78271 | M6: =1000*E6*((1+2*J6)*I6+(1-J6)*H6*K6)*(I6+H6*K6)^(J6-1)/((1+J6)*(2+J6)*SQRT(1+(6*J6*H6*(I6+H6*K6)^(J6-1))/((1+J6)*(2+J6)))) -> 202.74866 | N6: =E6*(H6+4*I6-J6*(H6-8*I6))*(H6/4+I6)^(J6-1)/(2*(1+J6)*(2+J6)) -> 4.2161069 | O6: 25
A7: R1 | B7: Oriental (Ibagué) | C7: PCAn — Neises y Anfibolitas de Tierradentro — Neis cuarzo-feldespático-biotítico, meteorizado | D7: Típico | E7: 60 | F7: 28 | G7: 42 | H7: =F7*EXP((G7-100)/(28-14*$G$3)) -> 3.5281581 | I7: =EXP((G7-100)/(9-3*$G$3)) -> 0.0015893273 | J7: =0.5+(EXP(-G7/15)-EXP(-20/3))/6 -> 0.5099229 | K7: =$C$3/E7 -> 0.0083333333 | L7: =DEGREES(ASIN((6*J7*H7*(I7+H7*K7)^(J7-1))/(2*(1+J7)*(2+J7)+(6*J7*H7*(I7+H7*K7)^(J7-1))))) -> 62.444973 | M7: =1000*E7*((1+2*J7)*I7+(1-J7)*H7*K7)*(I7+H7*K7)^(J7-1)/((1+J7)*(2+J7)*SQRT(1+(6*J7*H7*(I7+H7*K7)^(J7-1))/((1+J7)*(2+J7)))) -> 375.37644 | N7: =E7*(H7+4*I7-J7*(H7-8*I7))*(H7/4+I7)^(J7-1)/(2*(1+J7)*(2+J7)) -> 14.650882 | O7: 26
A8: R1 | B8: Oriental (Ibagué) | C8: PCAn — Neises y Anfibolitas de Tierradentro — Neis cuarzo-feldespático-biotítico, meteorizado | D8: Máximo | E8: 100 | F8: 33 | G8: 55 | H8: =F8*EXP((G8-100)/(28-14*$G$3)) -> 6.6151648 | I8: =EXP((G8-100)/(9-3*$G$3)) -> 0.006737947 | J8: =0.5+(EXP(-G8/15)-EXP(-20/3))/6 -> 0.50404815 | K8: =$C$3/E8 -> 0.005 | L8: =DEGREES(ASIN((6*J8*H8*(I8+H8*K8)^(J8-1))/(2*(1+J8)*(2+J8)+(6*J8*H8*(I8+H8*K8)^(J8-1))))) -> 68.321478 | M8: =1000*E8*((1+2*J8)*I8+(1-J8)*H8*K8)*(I8+H8*K8)^(J8-1)/((1+J8)*(2+J8)*SQRT(1+(6*J8*H8*(I8+H8*K8)^(J8-1))/((1+J8)*(2+J8)))) -> 752.80918 | N8: =E8*(H8+4*I8-J8*(H8-8*I8))*(H8/4+I8)^(J8-1)/(2*(1+J8)*(2+J8)) -> 34.42865 | O8: 27
A9: R2 | B9: Oriental (Ibagué) | C9: Jcdi — Batolito de Ibagué — Granodiorita biotítico-hornbléndica | D9: Mínimo | E9: 25 | F9: 26 | G9: 35 | H9: =F9*EXP((G9-100)/(28-14*$G$3)) -> 2.5514657 | I9: =EXP((G9-100)/(9-3*$G$3)) -> 0.000730178 | J9: =0.5+(EXP(-G9/15)-EXP(-20/3))/6 -> 0.51594989 | K9: =$C$3/E9 -> 0.02 | L9: =DEGREES(ASIN((6*J9*H9*(I9+H9*K9)^(J9-1))/(2*(1+J9)*(2+J9)+(6*J9*H9*(I9+H9*K9)^(J9-1))))) -> 54.368585 | M9: =1000*E9*((1+2*J9)*I9+(1-J9)*H9*K9)*(I9+H9*K9)^(J9-1)/((1+J9)*(2+J9)*SQRT(1+(6*J9*H9*(I9+H9*K9)^(J9-1))/((1+J9)*(2+J9)))) -> 231.25475 | N9: =E9*(H9+4*I9-J9*(H9-8*I9))*(H9/4+I9)^(J9-1)/(2*(1+J9)*(2+J9)) -> 5.0531849 | O9: 25
A10: R2 | B10: Oriental (Ibagué) | C10: Jcdi — Batolito de Ibagué — Granodiorita biotítico-hornbléndica | D10: Típico | E10: 80 | F10: 29 | G10: 48 | H10: =F10*EXP((G10-100)/(28-14*$G$3)) -> 4.5274233 | I10: =EXP((G10-100)/(9-3*$G$3)) -> 0.0030955869 | J10: =0.5+(EXP(-G10/15)-EXP(-20/3))/6 -> 0.5065816 | K10: =$C$3/E10 -> 0.00625 | L10: =DEGREES(ASIN((6*J10*H10*(I10+H10*K10)^(J10-1))/(2*(1+J10)*(2+J10)+(6*J10*H10*(I10+H10*K10)^(J10-1))))) -> 65.438709 | M10: =1000*E10*((1+2*J10)*I10+(1-J10)*H10*K10)*(I10+H10*K10)^(J10-1)/((1+J10)*(2+J10)*SQRT(1+(6*J10*H10*(I10+H10*K10)^(J10-1))/((1+J10)*(2+J10)))) -> 513.75259 | N10: =E10*(H10+4*I10-J10*(H10-8*I10))*(H10/4+I10)^(J10-1)/(2*(1+J10)*(2+J10)) -> 22.477318 | O10: 26
A11: R2 | B11: Oriental (Ibagué) | C11: Jcdi — Batolito de Ibagué — Granodiorita biotítico-hornbléndica | D11: Máximo | E11: 150 | F11: 32 | G11: 60 | H11: =F11*EXP((G11-100)/(28-14*$G$3)) -> 7.6688332 | I11: =EXP((G11-100)/(9-3*$G$3)) -> 0.011743628 | J11: =0.5+(EXP(-G11/15)-EXP(-20/3))/6 -> 0.5028405 | K11: =$C$3/E11 -> 0.0033333333 | L11: =DEGREES(ASIN((6*J11*H11*(I11+H11*K11)^(J11-1))/(2*(1+J11)*(2+J11)+(6*J11*H11*(I11+H11*K11)^(J11-1))))) -> 70.117096 | M11: =1000*E11*((1+2*J11)*I11+(1-J11)*H11*K11)*(I11+H11*K11)^(J11-1)/((1+J11)*(2+J11)*SQRT(1+(6*J11*H11*(I11+H11*K11)^(J11-1))/((1+J11)*(2+J11)))) -> 1300.0909 | N11: =E11*(H11+4*I11-J11*(H11-8*I11))*(H11/4+I11)^(J11-1)/(2*(1+J11)*(2+J11)) -> 56.194213 | O11: 27
A12: R3 | B12: Occidental (Calarcá) | C12: Kqs — Fm. Quebradagrande, miembro sedimentario — Grauvacas, lutitas, chert, calizas; localmente cataclasadas | D12: Mínimo | E12: 10 | F12: 6 | G12: 20 | H12: =F12*EXP((G12-100)/(28-14*$G$3)) -> 0.34459572 | I12: =EXP((G12-100)/(9-3*$G$3)) -> 0.00013791281 | J12: =0.5+(EXP(-G12/15)-EXP(-20/3))/6 -> 0.54372075 | K12: =$C$3/E12 -> 0.05 | L12: =DEGREES(ASIN((6*J12*H12*(I12+H12*K12)^(J12-1))/(2*(1+J12)*(2+J12)+(6*J12*H12*(I12+H12*K12)^(J12-1))))) -> 28.449264 | M12: =1000*E12*((1+2*J12)*I12+(1-J12)*H12*K12)*(I12+H12*K12)^(J12-1)/((1+J12)*(2+J12)*SQRT(1+(6*J12*H12*(I12+H12*K12)^(J12-1))/((1+J12)*(2+J12)))) -> 78.554226 | N12: =E12*(H12+4*I12-J12*(H12-8*I12))*(H12/4+I12)^(J12-1)/(2*(1+J12)*(2+J12)) -> 0.61680508 | O12: 25
A13: R3 | B13: Occidental (Calarcá) | C13: Kqs — Fm. Quebradagrande, miembro sedimentario — Grauvacas, lutitas, chert, calizas; localmente cataclasadas | D13: Típico | E13: 30 | F13: 12 | G13: 30 | H13: =F13*EXP((G13-100)/(28-14*$G$3)) -> 0.98501998 | I13: =EXP((G13-100)/(9-3*$G$3)) -> 0.00041894212 | J13: =0.5+(EXP(-G13/15)-EXP(-20/3))/6 -> 0.52234377 | K13: =$C$3/E13 -> 0.016666667 | L13: =DEGREES(ASIN((6*J13*H13*(I13+H13*K13)^(J13-1))/(2*(1+J13)*(2+J13)+(6*J13*H13*(I13+H13*K13)^(J13-1))))) -> 47.625544 | M13: =1000*E13*((1+2*J13)*I13+(1-J13)*H13*K13)*(I13+H13*K13)^(J13-1)/((1+J13)*(2+J13)*SQRT(1+(6*J13*H13*(I13+H13*K13)^(J13-1))/((1+J13)*(2+J13)))) -> 185.30652 | N13: =E13*(H13+4*I13-J13*(H13-8*I13))*(H13/4+I13)^(J13-1)/(2*(1+J13)*(2+J13)) -> 3.6127851 | O13: 26
A14: R3 | B14: Occidental (Calarcá) | C14: Kqs — Fm. Quebradagrande, miembro sedimentario — Grauvacas, lutitas, chert, calizas; localmente cataclasadas | D14: Máximo | E14: 60 | F14: 18 | G14: 40 | H14: =F14*EXP((G14-100)/(28-14*$G$3)) -> 2.111745 | I14: =EXP((G14-100)/(9-3*$G$3)) -> 0.0012726338 | J14: =0.5+(EXP(-G14/15)-EXP(-20/3))/6 -> 0.51136847 | K14: =$C$3/E14 -> 0.0083333333 | L14: =DEGREES(ASIN((6*J14*H14*(I14+H14*K14)^(J14-1))/(2*(1+J14)*(2+J14)+(6*J14*H14*(I14+H14*K14)^(J14-1))))) -> 58.858152 | M14: =1000*E14*((1+2*J14)*I14+(1-J14)*H14*K14)*(I14+H14*K14)^(J14-1)/((1+J14)*(2+J14)*SQRT(1+(6*J14*H14*(I14+H14*K14)^(J14-1))/((1+J14)*(2+J14)))) -> 342.46916 | N14: =E14*(H14+4*I14-J14*(H14-8*I14))*(H14/4+I14)^(J14-1)/(2*(1+J14)*(2+J14)) -> 11.241395 | O14: 27
A15: R4 | B15: Occidental (Calarcá) | C15: Kqv — Fm. Quebradagrande, miembro volcánico — Diabasas y andesitas; sectores de intensa cataclasis | D15: Mínimo | E15: 25 | F15: 15 | G15: 25 | H15: =F15*EXP((G15-100)/(28-14*$G$3)) -> 1.0299176 | I15: =EXP((G15-100)/(9-3*$G$3)) -> 0.00024036948 | J15: =0.5+(EXP(-G15/15)-EXP(-20/3))/6 -> 0.53126716 | K15: =$C$3/E15 -> 0.02 | L15: =DEGREES(ASIN((6*J15*H15*(I15+H15*K15)^(J15-1))/(2*(1+J15)*(2+J15)+(6*J15*H15*(I15+H15*K15)^(J15-1))))) -> 46.233464 | M15: =1000*E15*((1+2*J15)*I15+(1-J15)*H15*K15)*(I15+H15*K15)^(J15-1)/((1+J15)*(2+J15)*SQRT(1+(6*J15*H15*(I15+H15*K15)^(J15-1))/((1+J15)*(2+J15)))) -> 161.40329 | N15: =E15*(H15+4*I15-J15*(H15-8*I15))*(H15/4+I15)^(J15-1)/(2*(1+J15)*(2+J15)) -> 2.9515059 | O15: 25
A16: R4 | B16: Occidental (Calarcá) | C16: Kqv — Fm. Quebradagrande, miembro volcánico — Diabasas y andesitas; sectores de intensa cataclasis | D16: Típico | E16: 70 | F16: 20 | G16: 38 | H16: =F16*EXP((G16-100)/(28-14*$G$3)) -> 2.1846302 | I16: =EXP((G16-100)/(9-3*$G$3)) -> 0.0010190455 | J16: =0.5+(EXP(-G16/15)-EXP(-20/3))/6 -> 0.51302022 | K16: =$C$3/E16 -> 0.0071428571 | L16: =DEGREES(ASIN((6*J16*H16*(I16+H16*K16)^(J16-1))/(2*(1+J16)*(2+J16)+(6*J16*H16*(I16+H16*K16)^(J16-1))))) -> 60.078185 | M16: =1000*E16*((1+2*J16)*I16+(1-J16)*H16*K16)*(I16+H16*K16)^(J16-1)/((1+J16)*(2+J16)*SQRT(1+(6*J16*H16*(I16+H16*K16)^(J16-1))/((1+J16)*(2+J16)))) -> 349.57336 | N16: =E16*(H16+4*I16-J16*(H16-8*I16))*(H16/4+I16)^(J16-1)/(2*(1+J16)*(2+J16)) -> 13.237351 | O16: 26
A17: R4 | B17: Occidental (Calarcá) | C17: Kqv — Fm. Quebradagrande, miembro volcánico — Diabasas y andesitas; sectores de intensa cataclasis | D17: Máximo | E17: 150 | F17: 25 | G17: 50 | H17: =F17*EXP((G17-100)/(28-14*$G$3)) -> 4.1919312 | I17: =EXP((G17-100)/(9-3*$G$3)) -> 0.0038659201 | J17: =0.5+(EXP(-G17/15)-EXP(-20/3))/6 -> 0.50573356 | K17: =$C$3/E17 -> 0.0033333333 | L17: =DEGREES(ASIN((6*J17*H17*(I17+H17*K17)^(J17-1))/(2*(1+J17)*(2+J17)+(6*J17*H17*(I17+H17*K17)^(J17-1))))) -> 67.667928 | M17: =1000*E17*((1+2*J17)*I17+(1-J17)*H17*K17)*(I17+H17*K17)^(J17-1)/((1+J17)*(2+J17)*SQRT(1+(6*J17*H17*(I17+H17*K17)^(J17-1))/((1+J17)*(2+J17)))) -> 842.99267 | N17: =E17*(H17+4*I17-J17*(H17-8*I17))*(H17/4+I17)^(J17-1)/(2*(1+J17)*(2+J17)) -> 40.773134 | O17: 27
A19: Notas por juego
A20: R1 | B20: σci | C20: [H] Roca sana R5 (100-250 MPa, HOEK tabla 2). Se reduce por «intensa meteorización» (memoria 244) [H].
A21: R1 | B21: mi | C21: [F] Neis 28 ± 5 (HOEK tabla 3), medido normal a la foliación.
A22: R1 | B22: GSI | C22: [H] Foliado y meteorizado: bloques/fracturado con superficies regulares a pobres [H].
A23: R2 | B23: σci | C23: [H] Roca sana R5 (100-250 MPa, HOEK tabla 2). Reducida por meteorización [H].
A24: R2 | B24: mi | C24: [F] Granodiorita 29 ± 3 (HOEK tabla 3).
A25: R2 | B25: GSI | C25: [H] Masiva a fracturada; superficies regulares [H].
A26: R3 | B26: σci | C26: [H] Lutita R3-R4 (25-100 MPa); chert R6. Cataclasis (leyenda 243) y meteorización → rango bajo [H].
A27: R3 | B27: mi | C27: [F] Lutitas 6 ± 2 a grauvacas 18 ± 3 (HOEK tabla 3).
A28: R3 | B28: GSI | C28: [H] Macizo heterogéneo tipo flysch, cataclasado (HOEK tabla 6) [H].
A29: R4 | B29: σci | C29: [H] Diabasa R6 (> 250 MPa) en roca sana; intensa cataclasis (leyenda 243) → rango reducido [H].
A30: R4 | B30: mi | C30: [F] Diabasa 15 ± 5 a andesita 25 ± 5 (HOEK tabla 3).
A31: R4 | B31: GSI | C31: [H] Fracturado por cataclasis [H].
A33: Fuente: HOEK (tablas 2 y 3), HCC02 (ecuaciones). γ de roca: rango típico asumido [H], sin tabla de fuente verificada.
A34: Lectura: con σ3max bajo (cimentación superficial) el ajuste Mohr-Coulomb de Hoek-Brown da φ′ altos y c′ moderados; describen el macizo, NO son parámetros para Meyerhof, que se aplica a los suelos S1 y S2.

Sheet Marcas y fuentes
A1: Tabla 4. Marcas de origen
A3: Marca | B3: Significado
A4: F | B4: Dato de fuente publicada, leído en el documento original descargado
A5: CP | B5: Cálculo propio, reproducible con las fórmulas de este libro y el script citado
A6: H | B6: Hipótesis o supuesto del semillero, declarado; fondo amarillo en las celdas
A9: Tabla 5. Fuentes citadas
A10: Clave | B10: Referencia | C10: Enlace / ruta
A11: CAR74 | B11: Carrillo C., J. (1974). Propiedades físicas de los suelos derivados del Batolito antioqueño. Universidad Nacional de Colombia, p. 128. | C11: https://repositorio.unal.edu.co/items/a129a695-229f-4f86-b4f4-5cb217d198e1
A12: BBM13 | B12: Betancur G., Y., Builes B., M. y Millán Á., Á. (2013). Variación de las propiedades mecánicas de arcillas alófanas en Colombia al variar el grado de saturación. Revista EIA 10(20), 173-181. Tabla 1 y figuras 2-3 (p. 179-180). | C12: http://www.scielo.org.co/pdf/eia/n20/n20a15.pdf
A13: HOEK | B13: Hoek, E. Practical Rock Engineering, cap. 11 «Rock mass properties». Tabla 2 (resistencia por campo) y tabla 3 (mi). | C13: https://www.rocscience.com/assets/resources/learning/hoek/Practical-Rock-Engineering-Chapter-11-Rock-Mass-Properties.pdf
A14: HCC02 | B14: Hoek, E., Carranza-Torres, C. y Corkum, B. (2002). Hoek-Brown failure criterion – 2002 edition. Ecuaciones de mb, s, a, c′, φ′ y σcm (reproducidas en HOEK, cap. 11, ec. 11-17). | C14: https://www.rocscience.com/assets/resources/learning/hoek/Practical-Rock-Engineering-Chapter-11-Rock-Mass-Properties.pdf
A15: NSR10 | B15: NSR-10, Título H, tabla H.4.7-1: factores de seguridad indirectos mínimos 3,0 / 2,5 / 1,5 (verificado en el texto de la norma). | C15: https://www.scg.org.co/Titulo-H-NSR-10-Decreto%20Final-2010-01-14.pdf
A16: SGC | B16: Planchas geológicas 244 Ibagué (1982) y 243 Armenia (1985), SGC/INGEOMINAS, leyendas impresas; memoria 244 y reseña 243. Ver producto de la Act 1. | C16: OE3_Geotecnia/Act1_Cartografia/Planos_geologicos_portales_OE3.pdf
