Workbook

Sheet Fuentes
A1: OE 5 · Diagnóstico de seguridad vial — Fuentes de datos
A2: Semillero de Investigación GMAE · Universidad de Ibagué · Semestre Paz y Región 2026B
A4: Fuente | B4: Entidad | C4: Qué aporta | D4: Periodo | E4: Marca | F4: Enlace / identificador
A5: Sectores Críticos de Siniestralidad Vial | B5: ANSV | C5: Fallecidos por punto de referencia (PR), con coordenadas, sobre el tramo Calarcá – Ibagué | D5: 2015 – 2019 | E5: F | F5: datos.gov.co · conjunto rs3u-8r4q
A6: Tráfico Vehicular ANI | B6: ANI | C6: Vehículos por peaje y categoría tarifaria, mensual. Peaje Cocora (Ibagué – Cajamarca, RN40-03, km 13+800) | D6: oct 2021 – may 2026 | E6: F | F6: datos.gov.co · conjunto 8yi9-t44c
A7: Túnel de La Línea | B7: INVÍAS | C7: Fecha de entrada en operación (4 sep 2020) y longitud (8,6 km) | D7: 2020 | E7: F | F7: crucecordilleracentral.invias.gov.co
A8: Anuario Nacional de Siniestralidad Vial | B8: ANSV | C8: Cifras agregadas de víctimas por tipo de vía | D8: hasta 2023 | E8: DA | F8: ansv.gov.co · observatorio
A9: Serie histórica de tránsito (TPD) | B9: INVÍAS | C9: Aforo del tramo anterior a 2020, necesario para la tasa por exposición | D9: 1997 – 2022 | E9: DA | F9: Publicación vigente por localizar: los enlaces indexados responden error 404
A10: Forensis | B10: Medicina Legal | C10: Fallecidos en siniestros de tránsito por municipio, posterior a 2019 | D10: anual | E10: DA | F10: medicinalegal.gov.co
A12: Marcas: F = dato de la fuente · CP = cálculo propio · H = hipótesis del semillero · DA = dato abierto pendiente de consulta

Sheet Siniestros_ANSV
A1: Sectores críticos de siniestralidad — corredor de análisis Ibagué – Armenia
A2: ANSV, conjunto rs3u-8r4q. Fallecidos acumulados 2015–2019. Marca F. Filtro geográfico: longitud entre −75,72 y −75,19; latitud entre 4,25 y 4,65.
A4: Departamento | B4: Municipio | C4: Entidad a cargo | D4: Tramo | E4: PR | F4: Fallecidos | G4: Latitud | H4: Longitud | I4: ¿En el paso?
A5: QUINDÍO | B5: CALARCÁ | C5: INVIAS-OTROS | D5: Calarcá - Ibagué | E5: 86 | F5: 21 | G5: 4.529347 | H5: -75.632733 | I5: Sí
A6: QUINDÍO | B6: CALARCÁ | C6: INVIAS-OTROS | D6: Calarcá - Ibagué | E6: 6 | F6: 11 | G6: 4.525523 | H6: -75.620722 | I6: Sí
A7: QUINDÍO | B7: CALARCÁ | C7: INVIAS-OTROS | D7: Calarcá - Ibagué | E7: 10 | F7: 9 | G7: 4.527243 | H7: -75.60247 | I7: Sí
A8: QUINDÍO | B8: CALARCÁ | C8: ANI | D8: La Paila - Calarcá | E8: 85 | F8: 9 | G8: 4.528841 | H8: -75.634918 | I8: No
A9: QUINDÍO | B9: CALARCÁ | C9: ANI | D9: (sin dato) | E9: 85 | F9: 1 | G9: 4.530654 | H9: -75.634098 | I9: No
A10: QUINDÍO | B10: CALARCÁ | C10: INVIAS-OTROS | D10: Calarcá - Ibagué | E10: 10 | F10: 1 | G10: 4.51878 | H10: -75.606768 | I10: Sí
E11: TOTAL | F11: =SUM(F5:F10) -> 52
E12: En el paso | F12: =SUMIF(I5:I10,"Sí",F5:F10) -> 42
A14: HALLAZGO: los seis sectores críticos del corredor Ibagué – Armenia están en jurisdicción de Calarcá (Quindío). El conjunto no reporta ningún sector crítico del lado del Tolima. Caben dos lecturas y hay que decidir cuál: el descenso hacia Calarcá concentra la mortalidad, o la cobertura del costado tolimense es incompleta.
A15: Nota: el conjunto reporta ÚNICAMENTE fallecidos, no heridos ni siniestros con solo daños materiales, y es un producto derivado de análisis espacial de puntos calientes, no el microdato por siniestro.
A16: LIMITACIÓN CRÍTICA: el periodo 2015–2019 es anterior a la entrada en operación del Túnel de La Línea (4 sep 2020). La línea base describe un corredor que ya cambió.

Sheet Aforos_Cocora
A1: Aforo mensual — Peaje Cocora (Ibagué – Cajamarca, RN40-03, km 13+800)
A2: ANI, conjunto 8yi9-t44c. Marca F. Livianos = cat. I, IE · Buses y camión de 2 ejes = cat. II, IIE · Carga pesada = cat. III, IV, V, IIIE.
A4: Mes | B4: Días | C4: Total | D4: Livianos | E4: Buses / 2 ejes | F4: Carga pesada | G4: Otros | H4: TPD total | I4: TPD pesados | J4: % pesados
A5: 2021-10 | B5: 31 | C5: 31703 | D5: 13804 | E5: 8535 | F5: 9124 | G5: 240 | H5: =C5/B5 -> 1022.6774 | I5: =F5/B5 -> 294.32258 | J5: =IF(C5=0,"",F5/C5) -> 0.28779611
A6: 2021-11 | B6: 30 | C6: 80209 | D6: 37660 | E6: 20990 | F6: 20711 | G6: 848 | H6: =C6/B6 -> 2673.6333 | I6: =F6/B6 -> 690.36667 | J6: =IF(C6=0,"",F6/C6) -> 0.25821292
A7: 2021-12 | B7: 31 | C7: 126100 | D7: 83155 | E7: 22807 | F7: 19318 | G7: 820 | H7: =C7/B7 -> 4067.7419 | I7: =F7/B7 -> 623.16129 | J7: =IF(C7=0,"",F7/C7) -> 0.15319588
A8: 2022-01 | B8: 31 | C8: 99824 | D8: 62264 | E8: 19476 | F8: 18084 | G8: 0 | H8: =C8/B8 -> 3220.129 | I8: =F8/B8 -> 583.35484 | J8: =IF(C8=0,"",F8/C8) -> 0.18115884
A9: 2022-02 | B9: 28 | C9: 61507 | D9: 28454 | E9: 17175 | F9: 15878 | G9: 0 | H9: =C9/B9 -> 2196.6786 | I9: =F9/B9 -> 567.07143 | J9: =IF(C9=0,"",F9/C9) -> 0.25814948
A10: 2022-03 | B10: 31 | C10: 70150 | D10: 32573 | E10: 19919 | F10: 17658 | G10: 0 | H10: =C10/B10 -> 2262.9032 | I10: =F10/B10 -> 569.6129 | J10: =IF(C10=0,"",F10/C10) -> 0.25171775
A11: 2022-04 | B11: 30 | C11: 85511 | D11: 51133 | E11: 18403 | F11: 15975 | G11: 0 | H11: =C11/B11 -> 2850.3667 | I11: =F11/B11 -> 532.5 | J11: =IF(C11=0,"",F11/C11) -> 0.18681807
A12: 2022-05 | B12: 31 | C12: 47359 | D12: 18540 | E12: 14791 | F12: 14028 | G12: 0 | H12: =C12/B12 -> 1527.7097 | I12: =F12/B12 -> 452.51613 | J12: =IF(C12=0,"",F12/C12) -> 0.29620558
A13: 2022-06 | B13: 30 | C13: 65482 | D13: 32454 | E13: 17273 | F13: 15755 | G13: 0 | H13: =C13/B13 -> 2182.7333 | I13: =F13/B13 -> 525.16667 | J13: =IF(C13=0,"",F13/C13) -> 0.24060047
A14: 2022-07 | B14: 31 | C14: 72729 | D14: 39885 | E14: 17189 | F14: 15655 | G14: 0 | H14: =C14/B14 -> 2346.0968 | I14: =F14/B14 -> 505 | J14: =IF(C14=0,"",F14/C14) -> 0.21525114
A15: 2022-08 | B15: 31 | C15: 71289 | D15: 36991 | E15: 18234 | F15: 16064 | G15: 0 | H15: =C15/B15 -> 2299.6452 | I15: =F15/B15 -> 518.19355 | J15: =IF(C15=0,"",F15/C15) -> 0.22533631
A16: 2022-09 | B16: 30 | C16: 65877 | D16: 31672 | E16: 18287 | F16: 15918 | G16: 0 | H16: =C16/B16 -> 2195.9 | I16: =F16/B16 -> 530.6 | J16: =IF(C16=0,"",F16/C16) -> 0.24163213
... A60: 2026-05 | B60: 31 | C60: 131942 | D60: 66756 | E60: 37489 | F60: 27697 | G60: 0 | H60: =C60/B60 -> 4256.1935 | I60: =F60/B60 -> 893.45161 | J60: =IF(C60=0,"",F60/C60) -> 0.20991799
A62: Últimos 12 meses completos | B62: =SUM(B49:B60) -> 365 | C62: =SUM(C49:C60) -> 1808176 | D62: =SUM(D49:D60) -> 1022027 | E62: =SUM(E49:E60) -> 462345 | F62: =SUM(F49:F60) -> 323804 | G62: =SUM(G49:G60) -> 0 | H62: =C62/B62 -> 4953.9068 | I62: =F62/B62 -> 887.13425 | J62: =F62/C62 -> 0.1790777
A64: Los valores en azul son dato de la fuente; las columnas TPD y % son cálculo propio [CP] y se recalculan solas.
A65: El peaje Cocora está sobre el corredor Ibagué – Cajamarca, aguas arriba del ascenso al Alto de La Línea; mide la exposición que entra al paso por el costado del Tolima.

Sheet Tasa_exposicion
A1: Tasa de siniestralidad normalizada por exposición
A2: Contar fallecidos sin dividir por la exposición no permite comparar tramos. La unidad estándar es fallecidos por cada 100 millones de vehículos-kilómetro.
A4: ENTRADAS
A5: Fallecidos en el tramo del paso (ANSV 2015–2019) | B5: =Siniestros_ANSV!F12 -> 42 | C5: F
A6: Años cubiertos por el registro de fallecidos | B6: 5 | C6: F
A7: Longitud del tramo de análisis (km) | B7: 60 | C7: H
A8: TPD del tramo en el periodo 2015–2019 (veh/día) | B8: 3000 | C8: H
A9: TPD actual verificado (jun 2025 – may 2026) | B9: =Aforos_Cocora!H62 -> 4953.9068 | C9: F
A10: TPD de carga pesada actual | B10: =Aforos_Cocora!I62 -> 887.13425 | C10: F
A12: RESULTADOS
A13: Vehículos-km por año, periodo 2015–2019 | B13: =B8*365*B7 -> 65700000 | D13: Exposición histórica bajo la hipótesis de TPD.
A14: Vehículos-km acumulados en el periodo | B14: =B13*B6 -> 328500000 | D14: Denominador de la tasa.
A15: Tasa: fallecidos / 100 millones veh-km | B15: =B5/B14*100000000 -> 12.785388 | D15: RESULTADO PRINCIPAL. Depende de dos hipótesis (longitud y TPD histórico): ver hoja Sensibilidad.
A16: Vehículos-km por año, exposición actual | B16: =B9*365*B7 -> 108490560 | D16: Con el TPD medido hoy en el peaje Cocora.
A17: Vehículos-km por año de carga pesada | B17: =B10*365*B7 -> 19428240 | D17: Exposición del grupo que la Ferropista captaría.
A18: Participación de la carga pesada | B18: =B10/B9 -> 0.1790777 | D18: Medida, no supuesta.
A19: Exposición pesada evitada con captación del 90 % | B19: =B17*0.9 -> 17485416 | D19: El 90 % es cifra de la ponencia (dia. 10), marca F.
A21: ADVERTENCIA METODOLÓGICA
A22: Los fallecidos son de 2015–2019 y el aforo verificado es de 2021–2026: NO SON DIVISIBLES ENTRE SÍ. El Túnel de La Línea entró en operación el 4 de septiembre de 2020 y cambió el corredor. La celda B8 es una hipótesis del semillero y debe sustituirse por el aforo real del periodo 2015–2019 cuando se localice la serie histórica de INVÍAS. Mientras eso no ocurra, la tasa de la celda B15 es un ejercicio de orden de magnitud, no un resultado publicable.

Sheet Sensibilidad
A1: Sensibilidad de la tasa a las dos hipótesis
A2: Fallecidos por 100 millones de vehículos-kilómetro, para distintas longitudes de tramo y aforos históricos. Todo cálculo propio [CP] sobre la cifra F de fallecidos.
A4: TPD \ Longitud (km) | B4: 40 | C4: 50 | D4: 60 | E4: 70 | F4: 80 | G4: 90
A5: 2000 | B5: =Tasa_exposicion!$B$5/($A5*365*40*Tasa_exposicion!$B$6)*100000000 -> 28.767123 | C5: =Tasa_exposicion!$B$5/($A5*365*50*Tasa_exposicion!$B$6)*100000000 -> 23.013699 | D5: =Tasa_exposicion!$B$5/($A5*365*60*Tasa_exposicion!$B$6)*100000000 -> 19.178082 | E5: =Tasa_exposicion!$B$5/($A5*365*70*Tasa_exposicion!$B$6)*100000000 -> 16.438356 | F5: =Tasa_exposicion!$B$5/($A5*365*80*Tasa_exposicion!$B$6)*100000000 -> 14.383562 | G5: =Tasa_exposicion!$B$5/($A5*365*90*Tasa_exposicion!$B$6)*100000000 -> 12.785388
A6: 2500 | B6: =Tasa_exposicion!$B$5/($A6*365*40*Tasa_exposicion!$B$6)*100000000 -> 23.013699 | C6: =Tasa_exposicion!$B$5/($A6*365*50*Tasa_exposicion!$B$6)*100000000 -> 18.410959 | D6: =Tasa_exposicion!$B$5/($A6*365*60*Tasa_exposicion!$B$6)*100000000 -> 15.342466 | E6: =Tasa_exposicion!$B$5/($A6*365*70*Tasa_exposicion!$B$6)*100000000 -> 13.150685 | F6: =Tasa_exposicion!$B$5/($A6*365*80*Tasa_exposicion!$B$6)*100000000 -> 11.506849 | G6: =Tasa_exposicion!$B$5/($A6*365*90*Tasa_exposicion!$B$6)*100000000 -> 10.228311
A7: 3000 | B7: =Tasa_exposicion!$B$5/($A7*365*40*Tasa_exposicion!$B$6)*100000000 -> 19.178082 | C7: =Tasa_exposicion!$B$5/($A7*365*50*Tasa_exposicion!$B$6)*100000000 -> 15.342466 | D7: =Tasa_exposicion!$B$5/($A7*365*60*Tasa_exposicion!$B$6)*100000000 -> 12.785388 | E7: =Tasa_exposicion!$B$5/($A7*365*70*Tasa_exposicion!$B$6)*100000000 -> 10.958904 | F7: =Tasa_exposicion!$B$5/($A7*365*80*Tasa_exposicion!$B$6)*100000000 -> 9.5890411 | G7: =Tasa_exposicion!$B$5/($A7*365*90*Tasa_exposicion!$B$6)*100000000 -> 8.5235921
A8: 3500 | B8: =Tasa_exposicion!$B$5/($A8*365*40*Tasa_exposicion!$B$6)*100000000 -> 16.438356 | C8: =Tasa_exposicion!$B$5/($A8*365*50*Tasa_exposicion!$B$6)*100000000 -> 13.150685 | D8: =Tasa_exposicion!$B$5/($A8*365*60*Tasa_exposicion!$B$6)*100000000 -> 10.958904 | E8: =Tasa_exposicion!$B$5/($A8*365*70*Tasa_exposicion!$B$6)*100000000 -> 9.3933464 | F8: =Tasa_exposicion!$B$5/($A8*365*80*Tasa_exposicion!$B$6)*100000000 -> 8.2191781 | G8: =Tasa_exposicion!$B$5/($A8*365*90*Tasa_exposicion!$B$6)*100000000 -> 7.3059361
A9: 4000 | B9: =Tasa_exposicion!$B$5/($A9*365*40*Tasa_exposicion!$B$6)*100000000 -> 14.383562 | C9: =Tasa_exposicion!$B$5/($A9*365*50*Tasa_exposicion!$B$6)*100000000 -> 11.506849 | D9: =Tasa_exposicion!$B$5/($A9*365*60*Tasa_exposicion!$B$6)*100000000 -> 9.5890411 | E9: =Tasa_exposicion!$B$5/($A9*365*70*Tasa_exposicion!$B$6)*100000000 -> 8.2191781 | F9: =Tasa_exposicion!$B$5/($A9*365*80*Tasa_exposicion!$B$6)*100000000 -> 7.1917808 | G9: =Tasa_exposicion!$B$5/($A9*365*90*Tasa_exposicion!$B$6)*100000000 -> 6.3926941
A10: 4500 | B10: =Tasa_exposicion!$B$5/($A10*365*40*Tasa_exposicion!$B$6)*100000000 -> 12.785388 | C10: =Tasa_exposicion!$B$5/($A10*365*50*Tasa_exposicion!$B$6)*100000000 -> 10.228311 | D10: =Tasa_exposicion!$B$5/($A10*365*60*Tasa_exposicion!$B$6)*100000000 -> 8.5235921 | E10: =Tasa_exposicion!$B$5/($A10*365*70*Tasa_exposicion!$B$6)*100000000 -> 7.3059361 | F10: =Tasa_exposicion!$B$5/($A10*365*80*Tasa_exposicion!$B$6)*100000000 -> 6.3926941 | G10: =Tasa_exposicion!$B$5/($A10*365*90*Tasa_exposicion!$B$6)*100000000 -> 5.6823947
A11: 5000 | B11: =Tasa_exposicion!$B$5/($A11*365*40*Tasa_exposicion!$B$6)*100000000 -> 11.506849 | C11: =Tasa_exposicion!$B$5/($A11*365*50*Tasa_exposicion!$B$6)*100000000 -> 9.2054795 | D11: =Tasa_exposicion!$B$5/($A11*365*60*Tasa_exposicion!$B$6)*100000000 -> 7.6712329 | E11: =Tasa_exposicion!$B$5/($A11*365*70*Tasa_exposicion!$B$6)*100000000 -> 6.5753425 | F11: =Tasa_exposicion!$B$5/($A11*365*80*Tasa_exposicion!$B$6)*100000000 -> 5.7534247 | G11: =Tasa_exposicion!$B$5/($A11*365*90*Tasa_exposicion!$B$6)*100000000 -> 5.1141553
A13: Lectura: la tasa varía por un factor de cinco entre las esquinas de la tabla. Publicar un solo valor sin declarar las dos hipótesis sería engañoso.
A14: El objetivo del semestre no es escoger una celda, sino cerrar las dos hipótesis con datos: la longitud se mide en QGIS sobre la capa vial y el TPD histórico sale de la serie de INVÍAS.
