Workbook

Sheet Portada
A3: Tabla 1. Registro de difusión y respuestas — OE 2, Actividad 5
A4: Semillero de Investigación GEOPAV · Universidad de Ibagué · Semestre Paz y Región 2026B
A6: Campo | B6: Valor
A7: Objetivo específico | B7: OE 2 — Plataforma web geoespacial y consulta ciudadana
A8: Actividad | B8: Act 5. Difusión del instrumento y apertura de la ventana de recolección de respuestas
A9: Entregable / formato | B9: Registro de difusión y respuestas · Archivo Excel
A10: Periodo en el Plan de Acción | B10: 29 sep 2026 – 3 oct 2026
A11: Enlace de la consulta | B11: https://ferropista.vercel.app/consulta
A12: Versión del instrumento | B12: borrador-geopav-2026-09
A13: Responsable asignado | B13: Torrente Parra Daniel Ignacio
A14: Apoyo en la ejecución | B14: Tamayo Osorio Miguel Ángel
A15: Estado | B15: EN CURSO — plantilla preparada el 16 sep 2026; sin difusión registrada todavía
A18: Índice de hojas (anexos)
A19: Difusion | B19: Tabla 2. Registro de cada publicación del enlace
A20: Respuestas | B20: Tabla 3. Exportación de la tabla consulta_oe2 desde Supabase
A21: Resumen | B21: Tabla 4. Corte de respuestas calculado con fórmulas
A22: Instrucciones | B22: Tabla 5. Cómo diligenciar este archivo
A24: Fuente: elaboración propia del semillero. Plantilla preparada con apoyo de un asistente de IA (Claude, de Anthropic).

Sheet Difusion
A3: Tabla 2. Registro de difusión del instrumento
A4: Una fila por cada publicación del enlace. La evidencia es la captura guardada en la carpeta de Drive de la Act 5.
A6: N° | B6: Fecha | C6: Canal | D6: Grupo, página o destinatario | E6: Público al que llega | F6: Municipio objetivo | G6: Responsable | H6: Nombre del archivo de evidencia (captura) | I6: Observaciones
A7: =IF(B7="","",ROW()-6)
A8: =IF(B8="","",ROW()-6)
A9: =IF(B9="","",ROW()-6)
A10: =IF(B10="","",ROW()-6)
A11: =IF(B11="","",ROW()-6)
A12: =IF(B12="","",ROW()-6)
A13: =IF(B13="","",ROW()-6)
A14: =IF(B14="","",ROW()-6)
A15: =IF(B15="","",ROW()-6)
A16: =IF(B16="","",ROW()-6)
A17: =IF(B17="","",ROW()-6)
A18: =IF(B18="","",ROW()-6)
... A56: =IF(B56="","",ROW()-6)

Sheet Respuestas
A3: Tabla 3. Respuestas exportadas de Supabase (tabla consulta_oe2)
A4: Pegar aquí, desde la fila 7, el CSV exportado sin filas PRUEBA_TECNICA. No editar las respuestas.
A6: id | B6: creado_en | C6: consentimiento | D6: instrumento_version | E6: perfil | F6: municipio | G6: frecuencia | H6: franja | I6: riesgo_1a5 | J6: sectores | K6: causas | L6: accidente | M6: cambio_5a | N6: tiempo_cruce | O6: impredecible_1a5 | P6: afectacion | Q6: conocia | R6: efecto_esperado | S6: preocupacion | T6: comentario

Sheet Resumen
A3: Tabla 4. Corte de respuestas
A4: Se calcula solo con lo pegado en la hoja Respuestas. Fecha del corte: diligenciar en C6.
A6: Fecha del corte
A8: Totales
A9: Respuestas válidas | C9: =COUNTA(Respuestas!$A$7:$A$5000) -> 0
A10: Con versión borrador-geopav-2026-09 | C10: =COUNTIF(Respuestas!$D$7:$D$5000,"borrador-geopav-2026-09") -> 0
A11: Con otra versión | C11: =C9-C10 -> 0
A12: Riesgo percibido promedio (1 a 5) | C12: =IF(C9=0,"",AVERAGE(Respuestas!$I$7:$I$5000))
A13: Publicaciones de difusión registradas | C13: =COUNTA(Difusion!$B$7:$B$56) -> 0
A15: Por perfil
A16: Perfil | B16: Código | C16: Respuestas | D16: % del total
A17: Conductor de carga pesada | B17: carga | C17: =COUNTIF(Respuestas!$E$7:$E$5000,B17) -> 0 | D17: =IF($C$9=0,0,C17/$C$9) -> 0
A18: Conductor de transporte de pasajeros | B18: pasajeros | C18: =COUNTIF(Respuestas!$E$7:$E$5000,B18) -> 0 | D18: =IF($C$9=0,0,C18/$C$9) -> 0
A19: Conductor particular | B19: particular | C19: =COUNTIF(Respuestas!$E$7:$E$5000,B19) -> 0 | D19: =IF($C$9=0,0,C19/$C$9) -> 0
A20: Habitante de la zona | B20: habitante | C20: =COUNTIF(Respuestas!$E$7:$E$5000,B20) -> 0 | D20: =IF($C$9=0,0,C20/$C$9) -> 0
A21: Otro | B21: otro | C21: =COUNTIF(Respuestas!$E$7:$E$5000,B21) -> 0 | D21: =IF($C$9=0,0,C21/$C$9) -> 0
A23: Por municipio
A24: Municipio | B24: Código | C24: Respuestas | D24: % del total
A25: Ibagué | B25: ibague | C25: =COUNTIF(Respuestas!$F$7:$F$5000,B25) -> 0 | D25: =IF($C$9=0,0,C25/$C$9) -> 0
A26: Coello | B26: coello | C26: =COUNTIF(Respuestas!$F$7:$F$5000,B26) -> 0 | D26: =IF($C$9=0,0,C26/$C$9) -> 0
A27: Cajamarca | B27: cajamarca | C27: =COUNTIF(Respuestas!$F$7:$F$5000,B27) -> 0 | D27: =IF($C$9=0,0,C27/$C$9) -> 0
A28: Calarcá | B28: calarca | C28: =COUNTIF(Respuestas!$F$7:$F$5000,B28) -> 0 | D28: =IF($C$9=0,0,C28/$C$9) -> 0
A29: Otro del Tolima | B29: otro_tolima | C29: =COUNTIF(Respuestas!$F$7:$F$5000,B29) -> 0 | D29: =IF($C$9=0,0,C29/$C$9) -> 0
A30: Otro del Quindío | B30: otro_quindio | C30: =COUNTIF(Respuestas!$F$7:$F$5000,B30) -> 0 | D30: =IF($C$9=0,0,C30/$C$9) -> 0
A31: Fuera de ambos departamentos | B31: fuera | C31: =COUNTIF(Respuestas!$F$7:$F$5000,B31) -> 0 | D31: =IF($C$9=0,0,C31/$C$9) -> 0
A33: Por valoración de riesgo
A34: Valoración | B34: Código | C34: Respuestas | D34: % del total
A35: 1 · nada riesgoso | B35: 1 | C35: =COUNTIF(Respuestas!$I$7:$I$5000,B35) -> 0 | D35: =IF($C$9=0,0,C35/$C$9) -> 0
A36: 2 | B36: 2 | C36: =COUNTIF(Respuestas!$I$7:$I$5000,B36) -> 0 | D36: =IF($C$9=0,0,C36/$C$9) -> 0
A37: 3 | B37: 3 | C37: =COUNTIF(Respuestas!$I$7:$I$5000,B37) -> 0 | D37: =IF($C$9=0,0,C37/$C$9) -> 0
A38: 4 | B38: 4 | C38: =COUNTIF(Respuestas!$I$7:$I$5000,B38) -> 0 | D38: =IF($C$9=0,0,C38/$C$9) -> 0
A39: 5 · extremadamente riesgoso | B39: 5 | C39: =COUNTIF(Respuestas!$I$7:$I$5000,B39) -> 0 | D39: =IF($C$9=0,0,C39/$C$9) -> 0
A41: Nota: la muestra no es probabilística; describe a quienes respondieron.

Sheet Instrucciones
A3: Tabla 5. Cómo diligenciar este archivo
A6: Paso | B6: Instrucción
A7: 1 | B7: Cada vez que se publique el enlace, agregar una fila en la hoja Difusion y guardar la captura en la carpeta de Drive Act5_Difusion con el nombre indicado en la columna H.
A8: 2 | B8: Al cierre de la ventana (3 oct 2026), en Supabase: Table Editor > consulta_oe2 > Export > CSV.
A9: 3 | B9: Antes de pegar, eliminar del CSV cualquier fila con perfil PRUEBA_TECNICA.
A10: 4 | B10: Pegar el CSV en la hoja Respuestas desde la celda A7, respetando el orden de columnas.
A11: 5 | B11: Escribir la fecha del corte en Resumen!C6 y revisar que Respuestas válidas coincida con el número de filas pegadas.
A12: 6 | B12: Guardar como OE2_Act5_Registro_difusion_respuestas_<fecha>.xlsx y subirlo a la carpeta de Drive de la Act 5.
