Workbook

Sheet Portada
B8: Memoria de tiempos logísticos del sistema Ferropista
B9: Objetivo específico 6 · Actividad 2 — Tiempo de ciclo cabecera–cabecera con carga, desplazamiento y descarga
B11: Objetivo | C11: OE 6: Determinar la eficiencia logística del sistema intermodal Ferropista, calculando la reducción de tiempos de ciclo y de costos operativos frente a la operación actual por la Ruta 40.
B12: Actividad | C12: 2. Cálculo del tiempo de ciclo del sistema Ferropista (carga, desplazamiento y descarga)
B13: Entregable / formato | C13: Memoria de tiempos logísticos · Documento Excel
B14: Periodo | C14: Bloque 2 del Plan de Acción (5 oct - 7 nov 2026)
B15: Responsable asignado | C15: Torrente Parra Daniel Ignacio
B16: Apoyo en la ejecución | C16: Tamayo Osorio Miguel Ángel, con apoyo de IA (Claude)
B17: Semillero | C17: Semillero de Investigación GEOPAV · Ingeniería Civil · Universidad de Ibagué · Paz y Región 2026B
B18: Fecha de elaboración | C18: 29 sep 2026
B19: Advertencia | C19: La ubicación de las terminales no la da la fuente: se suponen en los portales del OE 1 [H]. La fuente tampoco dice cómo se reparten los 140 trenes ni las horas de servicio. Los 70 min son una cifra del proponente, no auditada.
B21: Índice de hojas (tabla de contenido)
B22: Parámetros | C22: Tabla 1. Ciclo de operación de la fuente, frecuencia y velocidades de acceso
B23: Accesos | C23: Tabla 2. Accesos por carretera entre cabeceras y terminales (OpenStreetMap)
B24: Ciclo | C24: Tabla 3. Tiempo de ciclo Ferropista por sentido y escenario
B25: Comparación | C25: Tabla 4. Reducción del tiempo de ciclo frente a la Ruta 40 (Act 1)
B26: Fuentes | C26: Tabla 5. Fuentes citadas y huella md5
B28: Índice de tablas: tablas 1 a 5 según el índice de hojas. Índice de figuras: no tiene. Índice de anexos: respuestas crudas de OSRM y Nominatim en Act2_TiempoFerropista/Datos/. Script: OE6_Logistica/Act2_TiempoFerropista/tiempo_ciclo_ferropista_OE6.py. Convención: azul = entrada leída de una fuente; verde = valor leído de otro producto del OE 6; fondo amarillo = hipótesis [H]; negro = fórmula. Marcas: [F] fuente citada · [CP] cálculo propio reproducible · [H] hipótesis declarada · [DA] dato por consultar. Elaborado con apoyo de IA (Claude) y verificado contra las fuentes.

Sheet Parámetros
A1: Tabla 1. Parámetros del ciclo Ferropista
A3: Parámetro | B3: Valor | C3: Unidad | D3: Marca / fuente
A4: Peaje y carga | B4: 25 | C4: min | D4: [F, dia. 23]
A5: Desplazamiento | B5: 30 | C5: min | D5: [F, dia. 23]
A6: Descarga | B6: 15 | C6: min | D6: [F, dia. 23]
A7: Ciclo de operación (suma) | B7: =SUM(B4:B6) -> 70 | C7: min | D7: [CP] (la fuente publica 70 min: control)
A8: Trenes por día, fase inicial | B8: 140 | C8: trenes/día | D8: [F, dia. 20]
A9: Camiones por tren | B9: 35 | C9: camiones | D9: [F, dia. 20] «hasta 35»
A10: Horas de operación al día | B10: 24 | C10: h | D10: [H] servicio continuo
A11: Fracción de trenes por sentido | B11: 0.5 | C11: — | D11: [H] reparto por igual
A12: Intervalo entre trenes de un sentido | B12: =B10*60/(B8*B11) -> 20.571429 | C12: min | D12: [CP]
A13: Capacidad (camiones/día, dos sentidos) | B13: =B8*B9 -> 4900 | C13: camiones/día | D13: [CP]
A14: Velocidad de acceso · mínimo (ondulado) | B14: 33.13 | C14: km/h | D14: [F] SICE-TAC · asignación [H]
A15: Velocidad de acceso · típico (montaña/urbano) | B15: 23.57 | C15: km/h | D15: [F] SICE-TAC · asignación [H]
A16: Velocidad de acceso · máximo (afirmado) | B16: 15 | C16: km/h | D16: [F] SICE-TAC · asignación [H]
A18: Fila 7 debe dar 70 min, el «tiempo integrado» que la fuente publica en la dia. 29. Espera en terminal: mínimo 0, típico medio intervalo (llegada al azar), máximo un intervalo. Las velocidades de acceso son las del SICE-TAC para 3S3 cargado; qué terreno representa cada escenario es hipótesis.

Sheet Accesos
A1: Tabla 2. Accesos por carretera entre las cabeceras municipales y las terminales supuestas en los portales del OE 1
A3: Sentido | B3: Tramo | C3: Distancia vial (km) | D3: Tiempo en auto OSRM (min) | E3: Ajuste al vial en origen / destino (m) | F3: Vía del ajuste
A4: Ibagué → Calarcá | B4: ibague_portalE | C4: 13.9007 | D4: 22 | E4: 10 / 5 | F4: Calle 42 / Vía a la Montañita
A5: Ibagué → Calarcá | B5: portalW_calarca | C5: 7.5038 | D5: 15.3 | E5: 258 / 33 | F5: (sin nombre) / Carrera 25
A6: Ibagué → Calarcá | B6: Total acceso | C6: =C4+C5 -> 21.4045
A8: Calarcá → Ibagué | B8: calarca_portalW | C8: 7.4072 | D8: 15.2 | E8: 33 / 258 | F8: Carrera 25 / (sin nombre)
A9: Calarcá → Ibagué | B9: portalE_ibague | C9: 13.9757 | D9: 24.1 | E9: 5 / 10 | F9: Vía a la Montañita / Calle 42
A10: Calarcá → Ibagué | B10: Total acceso | C10: =C8+C9 -> 21.3829
A12: Portal oriental (OE 1): 4.364, -75.196; se ajusta a la «Vía a la Montañita», una vía rural. Portal occidental: 4.48, -75.652; queda a unos 258 m del vial más cercano. Cabeceras: centro administrativo de OpenStreetMap (Nominatim). Una terminal de 35 tractomulas por tren exigiría vías de acceso nuevas o mejoradas: no se evalúa aquí.
A14: Control: OSRM da entre cabeceras por la Ruta 40 79,0 km (97 min en auto) y 67,9 km (76 min en auto) para Ibagué→Calarcá y Calarcá→Ibagué; la misma asimetría que el SICE-TAC (85,01 frente a 76,17 km).

Sheet Ciclo
A1: Tabla 3. Tiempo de ciclo Ferropista cabecera–cabecera por sentido y escenario
A3: Sentido | B3: Escenario | C3: Acceso (min) | D3: Espera del tren (min) | E3: Operación (min) | F3: Total (min) | G3: Total (h)
A4: Ibagué → Calarcá | B4: Mínimo | C4: =Accesos!C6/Parámetros!B14*60 -> 38.764564 | D4: =0 -> 0 | E4: =Parámetros!B7 -> 70 | F4: =C4+D4+E4 -> 108.76456 | G4: =F4/60 -> 1.8127427
A5: Ibagué → Calarcá | B5: Típico | C5: =Accesos!C6/Parámetros!B15*60 -> 54.487484 | D5: =Parámetros!B12/2 -> 10.285714 | E5: =Parámetros!B7 -> 70 | F5: =C5+D5+E5 -> 134.7732 | G5: =F5/60 -> 2.24622
A6: Ibagué → Calarcá | B6: Máximo | C6: =Accesos!C6/Parámetros!B16*60 -> 85.618 | D6: =Parámetros!B12 -> 20.571429 | E6: =Parámetros!B7 -> 70 | F6: =C6+D6+E6 -> 176.18943 | G6: =F6/60 -> 2.9364905
A8: Calarcá → Ibagué | B8: Mínimo | C8: =Accesos!C10/Parámetros!B14*60 -> 38.725445 | D8: =0 -> 0 | E8: =Parámetros!B7 -> 70 | F8: =C8+D8+E8 -> 108.72545 | G8: =F8/60 -> 1.8120908
A9: Calarcá → Ibagué | B9: Típico | C9: =Accesos!C10/Parámetros!B15*60 -> 54.432499 | D9: =Parámetros!B12/2 -> 10.285714 | E9: =Parámetros!B7 -> 70 | F9: =C9+D9+E9 -> 134.71821 | G9: =F9/60 -> 2.2453036
A10: Calarcá → Ibagué | B10: Máximo | C10: =Accesos!C10/Parámetros!B16*60 -> 85.5316 | D10: =Parámetros!B12 -> 20.571429 | E10: =Parámetros!B7 -> 70 | F10: =C10+D10+E10 -> 176.10303 | G10: =F10/60 -> 2.9350505

Sheet Comparación
A1: Tabla 4. Reducción del tiempo de ciclo frente a la operación actual por la Ruta 40
A3: Sentido | B3: Rango | C3: Carretera (h) · Act 1 | D3: Ferropista (h) | E3: Reducción (h) | F3: Reducción (%) | G3: Emparejamiento
A4: Ibagué → Calarcá | B4: Bajo | C4: 2.9975816 | D4: =Ciclo!G6 -> 2.9364905 | E4: =C4-D4 -> 0.061091078 | F4: =E4/C4 -> 0.020380122 | G4: Carretera mínimo − Ferropista máximo
A5: Ibagué → Calarcá | B5: Central | C5: 4 | D5: =Ciclo!G5 -> 2.24622 | E5: =C5-D5 -> 1.75378 | F5: =E5/C5 -> 0.43844501 | G5: Carretera típico − Ferropista típico
A6: Ibagué → Calarcá | B6: Alto | C6: 5 | D6: =Ciclo!G4 -> 1.8127427 | E6: =C6-D6 -> 3.1872573 | F6: =E6/C6 -> 0.63745145 | G6: Carretera máximo − Ferropista mínimo
A8: Calarcá → Ibagué | B8: Bajo | C8: 2.4734654 | D8: =Ciclo!G10 -> 2.9350505 | E8: =C8-D8 -> -0.46158505 | F8: =E8/C8 -> -0.18661471 | G8: Carretera mínimo − Ferropista máximo
A9: Calarcá → Ibagué | B9: Central | C9: 4 | D9: =Ciclo!G9 -> 2.2453036 | E9: =C9-D9 -> 1.7546964 | F9: =E9/C9 -> 0.43867411 | G9: Carretera típico − Ferropista típico
A10: Calarcá → Ibagué | B10: Alto | C10: 5 | D10: =Ciclo!G8 -> 1.8120908 | E10: =C10-D10 -> 3.1879092 | F10: =E10/C10 -> 0.63758185 | G10: Carretera máximo − Ferropista mínimo
A12: Columna C en verde: valor leído del JSON de la Act 1 (registro_tiempos_ruta40_OE6.json). La fuente compara 4 h con 70 min (−71 %) sin contar accesos ni espera del tren; esta tabla sí los cuenta.

Sheet Fuentes
A1: Tabla 5. Fuentes citadas y huella md5 de los archivos usados
A3: Clave | B3: Referencia | C3: Archivo local | D3: md5
A4: PON | B4: Fernández Ordóñez, H. O. (2025). Túnel para cruce férreo de la Cordillera Central de los Andes y semilla para la Estrella Andina. XX Seminario Andino de Túneles y Obras Subterráneas, SAI, Medellín, 8 oct 2025. Fuente primaria del proyecto. | C4: Túnel para cruce férreo cordillera Central -SAI- 08octubre2025.pdf | D4: 2e7d264eb6d98f368dc9a6bd5bf5bd6d
A5: SICETAC_IBG_CAL | B5: Ministerio de Transporte. SICE-TAC, consulta pública (plc.mintransporte.gov.co), periodo de referencia 20260901: tractocamión 3S3, portacontenedores, contenedor cargado, cargado, 2 h de cargue y 2 h de descargue. Rutas 14037 (Ibagué–Calarcá) y 15393 (Calarcá–Ibagué). Consultado y guardado en PDF el 29 sep 2026. | C5: OE6_Logistica/Fuentes/sicetac_IBG_CAL_3S3.pdf | D5: c991f42266763925dbb7f1ff4d959ed5
A6: OSRM | B6: OpenStreetMap vía OSRM (router.project-osrm.org) y Nominatim, consultados el 29 sep 2026; respuestas crudas en Act2_TiempoFerropista/Datos/. | C6: — | D6: —
A7: OE1 | B7: OE 1 del semillero: OE1_Topografia/cifras_OE1.json y Act2_Portales/puntos_control_portales.geojson (portales adoptados). | C7: — | D7: —
