Workbook

Sheet Portada
B8: Memoria de cálculo de la capacidad portante admisible
B9: Objetivo específico 3 · Actividad 4 — Formulación de Meyerhof bajo el Título H de la NSR-10
B11: Objetivo | C11: OE 3: Estimar la capacidad portante preliminar del terreno de fundación de las infraestructuras de superficie en los portales de Ibagué y Armenia
B12: Actividad | C12: 4. Cálculo de la capacidad portante admisible por la formulación de Meyerhof (NSR-10, Título H)
B13: Entregable / formato | C13: Memoria de cálculo · Documento Excel
B14: Periodo | C14: Bloque 2 del Plan de Acción (5 oct - 7 nov 2026)
B15: Responsable asignado | C15: Tamayo Osorio Miguel Ángel
B16: Semillero | C16: Semillero de Investigación GEOPAV · Ingeniería Civil · Universidad de Ibagué · Paz y Región 2026B
B17: Portales | C17: Oriental (Ibagué) sobre suelo S1 · Occidental (municipio de Calarcá) sobre suelo S2
B18: Fecha de elaboración | C18: 28 sep 2026
B19: Advertencia | C19: RESULTADO NO APTO PARA DISEÑO. Ningún parámetro proviene de exploración en los portales: son análogos publicados e hipótesis declaradas (Act 3). La capacidad admisible se entrega como RANGO para mostrar la sensibilidad y dimensionar la exploración que exige la NSR-10 (capítulo H.3) antes de cualquier diseño.
B21: Índice de hojas (tabla de contenido)
B22: Resumen | C22: Tabla 1. Capacidad admisible por portal y ancho de zapata (rango, FS 3,0)
B23: Entradas | C23: Tabla 2. Parámetros del suelo (desde la Act 3) · Tabla 3. Hipótesis de cálculo · Tabla 4. Factores de seguridad NSR-10
B24: Cálculo | C24: Tabla 5. Meyerhof: factores, capacidad última, admisible por falla y por asentamiento (36 casos)
B25: Chequeo H.2.4-1 | C25: Tabla 6. Factor de seguridad directo equivalente frente a la tabla H.2.4-1
B26: Verificación | C26: Tabla 7. Control de los factores Nc, Nq, Nγ contra la tabla 4-4 de EM 1110-1-1905
B27: Limitaciones | C27: Tabla 8. Qué no afirma esta memoria · Tabla 9. Exploración mínima para convertir el rango en diseño
B28: Marcas y fuentes | C28: Tabla 10. Marcas F / CP / H · Tabla 11. Fuentes citadas
B30: Índice de tablas: tablas 1 a 11, una o dos por hoja, según el índice de hojas. Índice de figuras: no tiene figuras. Índice de anexos: no tiene anexos; las fuentes descargadas se listan en la tabla 11. Convención: texto azul = entrada editable; texto verde = valor enlazado desde otra hoja; fondo amarillo = hipótesis [H]; fondo verde = resultado. Elaborado con apoyo de IA (Claude) y verificado contra las fuentes citadas, leídas en el original descargado. Script: OE3_Geotecnia/Act4_Capacidad/memoria_capacidad_portante_OE3.py

Sheet Resumen
A1: Tabla 1. Capacidad portante admisible por portal y ancho de zapata — CM + CV normal (FS 3,0), NSR-10 H.4.2.3
A2: Rango, no valor de diseño. Mínimo: parámetros mínimos y NF en la base. Máximo: parámetros máximos y NF profundo. Df = 1,5 m. Valores en kPa, desde la hoja «Cálculo».
A4: Portal | B4: Suelo | C4: B (m) | D4: Mínimo | E4: Típico, NF en la base | F4: Típico, NF profundo | G4: Máximo | H4: Gobierna en el típico con NF profundo | I4: qult típico, NF profundo
A5: Oriental (Ibagué) | B5: S1 · suelo residual sobre PCAn / Jcdi (análogo del Batolito Antioqueño) | C5: 1.5 | D5: =Cálculo!Y5 -> 60.182723 | E5: =Cálculo!Y11 -> 224.50498 | F5: =Cálculo!Y12 -> 224.50498 | G5: =Cálculo!Y18 -> 388.82723 | H5: =Cálculo!Z12 -> Asentamiento | I5: =Cálculo!S12 -> 1994.2578
A6: Oriental (Ibagué) | B6: S1 · suelo residual sobre PCAn / Jcdi (análogo del Batolito Antioqueño) | C6: 2 | D6: =Cálculo!Y7 -> 51.137042 | E6: =Cálculo!Y13 -> 174.75373 | F6: =Cálculo!Y14 -> 174.75373 | G6: =Cálculo!Y20 -> 298.37042 | H6: =Cálculo!Z14 -> Asentamiento | I6: =Cálculo!S14 -> 1991.766
A7: Oriental (Ibagué) | B7: S1 · suelo residual sobre PCAn / Jcdi (análogo del Batolito Antioqueño) | C7: 3 | D7: =Cálculo!Y9 -> 42.091361 | E7: =Cálculo!Y15 -> 125.00249 | F7: =Cálculo!Y16 -> 125.00249 | G7: =Cálculo!Y22 -> 207.91361 | H7: =Cálculo!Z16 -> Asentamiento | I7: =Cálculo!S16 -> 2075.8402
A8: Occidental (Calarcá) | B8: S2 · cobertura de cenizas alofánicas sobre Kqs / Kqv (análogo de Pereira) | C8: 1.5 | D8: =Cálculo!Y23 -> 68.386715 | E8: =Cálculo!Y29 -> 197.1285 | F8: =Cálculo!Y30 -> 197.1285 | G8: =Cálculo!Y36 -> 326.62029 | H8: =Cálculo!Z30 -> Asentamiento | I8: =Cálculo!S30 -> 1948.848
A9: Occidental (Calarcá) | B9: S2 · cobertura de cenizas alofánicas sobre Kqs / Kqv (análogo de Pereira) | C9: 2 | D9: =Cálculo!Y25 -> 55.752536 | E9: =Cálculo!Y31 -> 152.90888 | F9: =Cálculo!Y32 -> 152.90888 | G9: =Cálculo!Y38 -> 250.81522 | H9: =Cálculo!Z32 -> Asentamiento | I9: =Cálculo!S32 -> 1897.8193
A10: Occidental (Calarcá) | B10: S2 · cobertura de cenizas alofánicas sobre Kqs / Kqv (análogo de Pereira) | C10: 3 | D10: =Cálculo!Y27 -> 43.118358 | E10: =Cálculo!Y33 -> 108.68925 | F10: =Cálculo!Y34 -> 108.68925 | G10: =Cálculo!Y40 -> 175.01015 | H10: =Cálculo!Z34 -> Asentamiento | I10: =Cálculo!S34 -> 1895.016
A12: Cómo leerlo: la amplitud entre «Mínimo» y «Máximo» mide la incertidumbre de los parámetros análogos. Solo la exploración del capítulo H.3 (hoja «Limitaciones») permite cerrarla.
A13: Donde gobierna el asentamiento, aumentar B no aumenta la admisible: el límite lo pone el módulo E [H], no la resistencia al corte.
A14: Fuente: hoja «Cálculo» (Tabla 5). Marcas: resultados [CP]; entradas F y H según la Tabla 2.

Sheet Entradas
A1: Tabla 2. Parámetros del suelo de fundación (leídos del producto de la Act 3) y módulo de deformación
A2: c, φ y γ: copiados por el script desde Cuadro_parametros_adoptados_OE3.xlsx (hoja «Suelos»); no se editan aquí. E y ν: FHWA NHI-06-088, tabla 5-16.
A4: Juego | B4: Portal | C4: Parámetro | D4: Unidad | E4: Mínimo | F4: Típico | G4: Máximo | H4: Marca | I4: Origen
A5: S1 | B5: Oriental (Ibagué) | C5: c′ (cohesión efectiva) | D5: kPa | E5: 0 | F5: 15 | G5: 29 | H5: F | I5: Act 3, hoja Suelos, fila 5 (fuente CAR74)
A6: S1 | B6: Oriental (Ibagué) | C6: φ′ (ángulo de fricción efectivo) | D6: ° | E6: 27 | F6: 30 | G6: 32 | H6: F | I6: Act 3, hoja Suelos, fila 6 (fuente CAR74)
A7: S1 | B7: Oriental (Ibagué) | C7: γ (peso unitario total) | D7: kN/m³ | E7: 16 | F7: 17 | G7: 18 | H7: H | I7: Act 3, hoja Suelos, fila 7 (fuente —)
A8: S1 | B8: Oriental (Ibagué) | C8: E (módulo de Young, drenado equivalente) | D8: kPa | E8: =20*$C$23 -> 1915.2 | F8: =110*$C$23 -> 10533.6 | G8: =200*$C$23 -> 19152 | H8: F / H | I8: FHWA 088 tabla 5-16, Limo arenoso residual → fila «Silt» 20-200 tsf [H: asignación]. Típico = punto medio [H].
A9: S1 | B9: Oriental (Ibagué) | C9: ν (relación de Poisson) | D9: — | E9: 0.33 | F9: 0.33 | G9: 0.33 | H9: F / H | I9: FHWA 088 tabla 5-16: 0,30-0,35; se adopta un valor único [H].
A10: S2 | B10: Occidental (Calarcá) | C10: c (cohesión, ensayo UU) | D10: kPa | E10: 15 | F10: 25 | G10: 35 | H10: F | I10: Act 3, hoja Suelos, fila 8 (fuente BBM13)
A11: S2 | B11: Occidental (Calarcá) | C11: φ (ángulo de fricción, UU) | D11: ° | E11: 23 | F11: 28 | G11: 33 | H11: F | I11: Act 3, hoja Suelos, fila 9 (fuente BBM13)
A12: S2 | B12: Occidental (Calarcá) | C12: γ (peso unitario húmedo) | D12: kN/m³ | E12: 11.9 | F12: 13.5 | G12: 15.6 | H12: F | I12: Act 3, hoja Suelos, fila 10 (fuente BBM13)
A13: S2 | B13: Occidental (Calarcá) | C13: E (módulo de Young, drenado equivalente) | D13: kPa | E13: =25*$C$23 -> 2394 | F13: =87.5*$C$23 -> 8379 | G13: =150*$C$23 -> 14364 | H13: F / H | I13: FHWA 088 tabla 5-16, Ceniza alofánica CL-SC, sensible al saturarse → fila «Clay: soft sensitive» 25-150 tsf [H: asignación]. Típico = punto medio [H].
A14: S2 | B14: Occidental (Calarcá) | C14: ν (relación de Poisson) | D14: — | E14: 0.45 | F14: 0.45 | G14: 0.45 | H14: F / H | I14: FHWA 088 tabla 5-16: 0,4-0,5 (no drenado); se adopta un valor único [H].
A16: Tabla 3. Hipótesis de cálculo
A17: # | B17: Hipótesis | C17: Valor | D17: Unidad | E17: Marca | F17: Justificación
A18: 1 | B18: Df, profundidad de desplante | C18: 1.5 | D18: m | E18: H | F18: Zapata aislada típica de nave o marquesina de terminal; la fuente no trae estructuras de las terminales Ro-Ro.
A19: 2 | B19: γw, peso unitario del agua | C19: 9.81 | D19: kN/m³ | E19: F | F19: Constante física.
A20: 3 | B20: ρadm, asentamiento admisible | C20: 0.025 | D20: m | E20: H | F20: Conservador frente a NSR-10 H.4.9: si el diferencial ≈ total (portales sobre contactos litológicos), 25 mm ≈ A/300 con A = 7,5 m (pórticos de concreto, tabla H.4.9-1). Límite total NSR-10 H.4.9.2: 300 mm.
A21: 4 | B21: Cd, factor de forma y rigidez | C21: 0.99 | D21: — | E21: F | F21: FHWA 089 tabla 8-13, cuadrada rígida (0,99).
A22: 5 | B22: B'/W', relación ancho/largo | C22: 1 | D22: — | E22: H | F22: Zapata cuadrada, carga centrada (sin excentricidad ni inclinación).
A23: 6 | B23: 1 tsf en kPa | C23: 95.76 | D23: kPa | E23: F | F23: FHWA 088, nota de la tabla 5-16.
A25: Tabla 4. Factores de seguridad del Título H de la NSR-10 (verificados en el texto de la norma)
A26: # | B26: Condición | C26: FSICP mín. (tabla H.4.7-1) | D26: FSBM mín. diseño (tabla H.2.4-1) | E26: Marca
A27: 1 | B27: CM + CV normal | C27: 3 | D27: 1.5 | E27: F
A28: 2 | B28: CM + CV máxima | C28: 2.5 | D28: 1.25 | E28: F
A29: 3 | B29: CM + CV normal + sismo seudoestático | C29: 1.5 | D29: 1.1 | E29: F
A31: Fuente: NSR-10 Título H, H.4.7.1 (tabla H.4.7-1) y H.2.4.3 (tabla H.2.4-1). La NSR-10 no impone Meyerhof: H.4.2.1 admite métodos analíticos con experiencia documentada.

Sheet Cálculo
A1: Tabla 5. Capacidad portante por Meyerhof (1963) y admisible según NSR-10 H.4.2.3 — zapatas cuadradas, carga vertical centrada
A2: qult = c·Nc·sc·dc + q·Nq·sq·dq + ½·γ'·B·Nγ·sγ·dγ (EM 1110-1-1905 ec. 4-1 y tabla 4-3). q = γ·Df. γ' = γ − γw con NF en la base; γ' = γ con NF profundo. Asentamiento: ρ = Cd·Δp·B·(1−ν²)/E (FHWA 089 ec. 8-19) → q_s = ρadm·E/(Cd·B·(1−ν²)) + γ·Df. Todo [CP].
AD3: Columnas auxiliares: resistencia reducida por el FSBM de la tabla H.2.4-1 (c/FSBM y arctan(tanφ/FSBM))
A4: Juego | B4: Portal | C4: Caso | D4: B (m) | E4: Nivel freático | F4: c (kPa) | G4: φ (°) | H4: γ (kN/m³) | I4: γ' bajo la base | J4: q = γ·Df (kPa) | K4: Nφ = tan²(45+φ/2) | L4: Nq | M4: Nc | N4: Nγ | O4: sc | P4: sq = sγ | Q4: dc | R4: dq = dγ | S4: qult (kPa) | T4: qult / FSICP 3,0 (kPa) | U4: qult con resistencia ÷ FSBM 1,50 (kPa) | V4: qadm por falla (kPa) | W4: E (kPa) | X4: q por asentamiento (kPa) | Y4: qadm NSR-10 H.4.2.3 (kPa) | Z4: Gobierna | AA4: qadm falla CM+CV máx. (kPa) | AB4: qadm falla con sismo (kPa) | AD4: φ/FSB 1,50 (°) | AE4: Nφ (1,50) | AF4: Nq (1,50) | AG4: Nc (1,50) | AH4: Nγ (1,50) | AI4: qult reducida 1,50 (kPa) | AJ4: φ/FSB 1,25 (°) | AK4: Nφ (1,25) | AL4: Nq (1,25) | AM4: Nc (1,25) | AN4: Nγ (1,25) | AO4: qult reducida 1,25 (kPa) | AP4: φ/FSB 1,10 (°) | AQ4: Nφ (1,10) | AR4: Nq (1,10) | AS4: Nc (1,10) | AT4: Nγ (1,10) | AU4: qult reducida 1,10 (kPa)
A5: S1 | B5: Oriental (Ibagué) | C5: Mínimo | D5: 1.5 | E5: NF en la base | F5: =Entradas!E5 -> 0 | G5: =Entradas!E6 -> 27 | H5: =Entradas!E7 -> 16 | I5: =IF(E5="NF en la base",H5-Entradas!$C$19,H5) -> 6.19 | J5: =H5*Entradas!$C$18 -> 24 | K5: =TAN(RADIANS(45+G5/2))^2 -> 2.6629399 | L5: =EXP(PI()*TAN(RADIANS(G5)))*K5 -> 13.199146 | M5: =(L5-1)/TAN(RADIANS(G5)) -> 23.942173 | N5: =(L5-1)*TAN(RADIANS(1.4*G5)) -> 9.4626279 | O5: =1+0.2*K5*Entradas!$C$22 -> 1.532588 | P5: =1+0.1*K5*Entradas!$C$22 -> 1.266294 | Q5: =1+0.2*SQRT(K5)*Entradas!$C$18/D5 -> 1.3263703 | R5: =1+0.1*SQRT(K5)*Entradas!$C$18/D5 -> 1.1631852 | S5: =F5*M5*O5*Q5+J5*L5*P5*R5+0.5*I5*D5*N5*P5*R5 -> 531.30181 | T5: =S5/Entradas!$C$27 -> 177.1006 | U5: =AI5 -> 199.63091 | V5: =MIN(T5,U5) -> 177.1006 | W5: =Entradas!E8 -> 1915.2 | X5: =Entradas!$C$20*W5/(Entradas!$C$21*D5*(1-Entradas!E9^2))+J5 -> 60.182723 | Y5: =MIN(V5,X5) -> 60.182723 | Z5: =IF(X5<V5,"Asentamiento",IF(T5<=U5,"Falla (FSICP)","Falla (FSB directo)")) -> Asentamiento | AA5: =MIN(S5/Entradas!$C$28,AO5) -> 212.52073 | AB5: =MIN(S5/Entradas!$C$29,AU5) -> 354.20121 | AD5: =DEGREES(ATAN(TAN(RADIANS(G5))/Entradas!$D$27)) -> 18.761783 | AE5: =TAN(RADIANS(45+AD5/2))^2 -> 1.9482619 | AF5: =EXP(PI()*TAN(RADIANS(AD5)))*AE5 -> 5.6637444 | AG5: =(AF5-1)/TAN(RADIANS(AD5)) -> 13.729671 | AH5: =(AF5-1)*TAN(RADIANS(1.4*AD5)) -> 2.3015738 | AI5: =F5/Entradas!$D$27*AG5*(1+0.2*AE5*Entradas!$C$22)*(1+0.2*SQRT(AE5)*Entradas!$C$18/D5)+J5*AF5*(1+0.1*AE5*Entradas!$C$22)*(1+0.1*SQRT(AE5)*Entradas!$C$18/D5)+0.5*I5*D5*AH5*(1+0.1*AE5*Entradas!$C$22)*(1+0.1*SQRT(AE5)*Entradas!$C$18/D5) -> 199.63091 | AJ5: =DEGREES(ATAN(TAN(RADIANS(G5))/Entradas!$D$28)) -> 22.176809 | AK5: =TAN(RADIANS(45+AJ5/2))^2 -> 2.212676 | AL5: =EXP(PI()*TAN(RADIANS(AJ5)))*AK5 -> 7.9627925 | AM5: =(AL5-1)/TAN(RADIANS(AJ5)) -> 17.081562 | AN5: =(AL5-1)*TAN(RADIANS(1.4*AJ5)) -> 4.1915336 | AO5: =F5/Entradas!$D$28*AM5*(1+0.2*AK5*Entradas!$C$22)*(1+0.2*SQRT(AK5)*Entradas!$C$18/D5)+J5*AL5*(1+0.1*AK5*Entradas!$C$22)*(1+0.1*SQRT(AK5)*Entradas!$C$18/D5)+0.5*I5*D5*AN5*(1+0.1*AK5*Entradas!$C$22)*(1+0.1*SQRT(AK5)*Entradas!$C$18/D5) -> 295.41007 | AP5: =DEGREES(ATAN(TAN(RADIANS(G5))/Entradas!$D$29)) -> 24.853806 | AQ5: =TAN(RADIANS(45+AP5/2))^2 -> 2.4500865 | AR5: =EXP(PI()*TAN(RADIANS(AP5)))*AQ5 -> 10.499468 | AS5: =(AR5-1)/TAN(RADIANS(AP5)) -> 20.508131 | AT5: =(AR5-1)*TAN(RADIANS(1.4*AP5)) -> 6.6011536 | AU5: =F5/Entradas!$D$29*AS5*(1+0.2*AQ5*Entradas!$C$22)*(1+0.2*SQRT(AQ5)*Entradas!$C$18/D5)+J5*AR5*(1+0.1*AQ5*Entradas!$C$22)*(1+0.1*SQRT(AQ5)*Entradas!$C$18/D5)+0.5*I5*D5*AT5*(1+0.1*AQ5*Entradas!$C$22)*(1+0.1*SQRT(AQ5)*Entradas!$C$18/D5) -> 406.95964
A6: S1 | B6: Oriental (Ibagué) | C6: Mínimo | D6: 1.5 | E6: NF profundo | F6: =Entradas!E5 -> 0 | G6: =Entradas!E6 -> 27 | H6: =Entradas!E7 -> 16 | I6: =IF(E6="NF en la base",H6-Entradas!$C$19,H6) -> 16 | J6: =H6*Entradas!$C$18 -> 24 | K6: =TAN(RADIANS(45+G6/2))^2 -> 2.6629399 | L6: =EXP(PI()*TAN(RADIANS(G6)))*K6 -> 13.199146 | M6: =(L6-1)/TAN(RADIANS(G6)) -> 23.942173 | N6: =(L6-1)*TAN(RADIANS(1.4*G6)) -> 9.4626279 | O6: =1+0.2*K6*Entradas!$C$22 -> 1.532588 | P6: =1+0.1*K6*Entradas!$C$22 -> 1.266294 | Q6: =1+0.2*SQRT(K6)*Entradas!$C$18/D6 -> 1.3263703 | R6: =1+0.1*SQRT(K6)*Entradas!$C$18/D6 -> 1.1631852 | S6: =F6*M6*O6*Q6+J6*L6*P6*R6+0.5*I6*D6*N6*P6*R6 -> 633.8494 | T6: =S6/Entradas!$C$27 -> 211.28313 | U6: =AI6 -> 222.68801 | V6: =MIN(T6,U6) -> 211.28313 | W6: =Entradas!E8 -> 1915.2 | X6: =Entradas!$C$20*W6/(Entradas!$C$21*D6*(1-Entradas!E9^2))+J6 -> 60.182723 | Y6: =MIN(V6,X6) -> 60.182723 | Z6: =IF(X6<V6,"Asentamiento",IF(T6<=U6,"Falla (FSICP)","Falla (FSB directo)")) -> Asentamiento | AA6: =MIN(S6/Entradas!$C$28,AO6) -> 253.53976 | AB6: =MIN(S6/Entradas!$C$29,AU6) -> 422.56627 | AD6: =DEGREES(ATAN(TAN(RADIANS(G6))/Entradas!$D$27)) -> 18.761783 | AE6: =TAN(RADIANS(45+AD6/2))^2 -> 1.9482619 | AF6: =EXP(PI()*TAN(RADIANS(AD6)))*AE6 -> 5.6637444 | AG6: =(AF6-1)/TAN(RADIANS(AD6)) -> 13.729671 | AH6: =(AF6-1)*TAN(RADIANS(1.4*AD6)) -> 2.3015738 | AI6: =F6/Entradas!$D$27*AG6*(1+0.2*AE6*Entradas!$C$22)*(1+0.2*SQRT(AE6)*Entradas!$C$18/D6)+J6*AF6*(1+0.1*AE6*Entradas!$C$22)*(1+0.1*SQRT(AE6)*Entradas!$C$18/D6)+0.5*I6*D6*AH6*(1+0.1*AE6*Entradas!$C$22)*(1+0.1*SQRT(AE6)*Entradas!$C$18/D6) -> 222.68801 | AJ6: =DEGREES(ATAN(TAN(RADIANS(G6))/Entradas!$D$28)) -> 22.176809 | AK6: =TAN(RADIANS(45+AJ6/2))^2 -> 2.212676 | AL6: =EXP(PI()*TAN(RADIANS(AJ6)))*AK6 -> 7.9627925 | AM6: =(AL6-1)/TAN(RADIANS(AJ6)) -> 17.081562 | AN6: =(AL6-1)*TAN(RADIANS(1.4*AJ6)) -> 4.1915336 | AO6: =F6/Entradas!$D$28*AM6*(1+0.2*AK6*Entradas!$C$22)*(1+0.2*SQRT(AK6)*Entradas!$C$18/D6)+J6*AL6*(1+0.1*AK6*Entradas!$C$22)*(1+0.1*SQRT(AK6)*Entradas!$C$18/D6)+0.5*I6*D6*AN6*(1+0.1*AK6*Entradas!$C$22)*(1+0.1*SQRT(AK6)*Entradas!$C$18/D6) -> 338.67539 | AP6: =DEGREES(ATAN(TAN(RADIANS(G6))/Entradas!$D$29)) -> 24.853806 | AQ6: =TAN(RADIANS(45+AP6/2))^2 -> 2.4500865 | AR6: =EXP(PI()*TAN(RADIANS(AP6)))*AQ6 -> 10.499468 | AS6: =(AR6-1)/TAN(RADIANS(AP6)) -> 20.508131 | AT6: =(AR6-1)*TAN(RADIANS(1.4*AP6)) -> 6.6011536 | AU6: =F6/Entradas!$D$29*AS6*(1+0.2*AQ6*Entradas!$C$22)*(1+0.2*SQRT(AQ6)*Entradas!$C$18/D6)+J6*AR6*(1+0.1*AQ6*Entradas!$C$22)*(1+0.1*SQRT(AQ6)*Entradas!$C$18/D6)+0.5*I6*D6*AT6*(1+0.1*AQ6*Entradas!$C$22)*(1+0.1*SQRT(AQ6)*Entradas!$C$18/D6) -> 476.89205
A7: S1 | B7: Oriental (Ibagué) | C7: Mínimo | D7: 2 | E7: NF en la base | F7: =Entradas!E5 -> 0 | G7: =Entradas!E6 -> 27 | H7: =Entradas!E7 -> 16 | I7: =IF(E7="NF en la base",H7-Entradas!$C$19,H7) -> 6.19 | J7: =H7*Entradas!$C$18 -> 24 | K7: =TAN(RADIANS(45+G7/2))^2 -> 2.6629399 | L7: =EXP(PI()*TAN(RADIANS(G7)))*K7 -> 13.199146 | M7: =(L7-1)/TAN(RADIANS(G7)) -> 23.942173 | N7: =(L7-1)*TAN(RADIANS(1.4*G7)) -> 9.4626279 | O7: =1+0.2*K7*Entradas!$C$22 -> 1.532588 | P7: =1+0.1*K7*Entradas!$C$22 -> 1.266294 | Q7: =1+0.2*SQRT(K7)*Entradas!$C$18/D7 -> 1.2447778 | R7: =1+0.1*SQRT(K7)*Entradas!$C$18/D7 -> 1.1223889 | S7: =F7*M7*O7*Q7+J7*L7*P7*R7+0.5*I7*D7*N7*P7*R7 -> 533.47982 | T7: =S7/Entradas!$C$27 -> 177.82661 | U7: =AI7 -> 198.21911 | V7: =MIN(T7,U7) -> 177.82661 | W7: =Entradas!E8 -> 1915.2 | X7: =Entradas!$C$20*W7/(Entradas!$C$21*D7*(1-Entradas!E9^2))+J7 -> 51.137042 | Y7: =MIN(V7,X7) -> 51.137042 | Z7: =IF(X7<V7,"Asentamiento",IF(T7<=U7,"Falla (FSICP)","Falla (FSB directo)")) -> Asentamiento | AA7: =MIN(S7/Entradas!$C$28,AO7) -> 213.39193 | AB7: =MIN(S7/Entradas!$C$29,AU7) -> 355.65322 | AD7: =DEGREES(ATAN(TAN(RADIANS(G7))/Entradas!$D$27)) -> 18.761783 | AE7: =TAN(RADIANS(45+AD7/2))^2 -> 1.9482619 | AF7: =EXP(PI()*TAN(RADIANS(AD7)))*AE7 -> 5.6637444 | AG7: =(AF7-1)/TAN(RADIANS(AD7)) -> 13.729671 | AH7: =(AF7-1)*TAN(RADIANS(1.4*AD7)) -> 2.3015738 | AI7: =F7/Entradas!$D$27*AG7*(1+0.2*AE7*Entradas!$C$22)*(1+0.2*SQRT(AE7)*Entradas!$C$18/D7)+J7*AF7*(1+0.1*AE7*Entradas!$C$22)*(1+0.1*SQRT(AE7)*Entradas!$C$18/D7)+0.5*I7*D7*AH7*(1+0.1*AE7*Entradas!$C$22)*(1+0.1*SQRT(AE7)*Entradas!$C$18/D7) -> 198.21911 | AJ7: =DEGREES(ATAN(TAN(RADIANS(G7))/Entradas!$D$28)) -> 22.176809 | AK7: =TAN(RADIANS(45+AJ7/2))^2 -> 2.212676 | AL7: =EXP(PI()*TAN(RADIANS(AJ7)))*AK7 -> 7.9627925 | AM7: =(AL7-1)/TAN(RADIANS(AJ7)) -> 17.081562 | AN7: =(AL7-1)*TAN(RADIANS(1.4*AJ7)) -> 4.1915336 | AO7: =F7/Entradas!$D$28*AM7*(1+0.2*AK7*Entradas!$C$22)*(1+0.2*SQRT(AK7)*Entradas!$C$18/D7)+J7*AL7*(1+0.1*AK7*Entradas!$C$22)*(1+0.1*SQRT(AK7)*Entradas!$C$18/D7)+0.5*I7*D7*AN7*(1+0.1*AK7*Entradas!$C$22)*(1+0.1*SQRT(AK7)*Entradas!$C$18/D7) -> 294.65237 | AP7: =DEGREES(ATAN(TAN(RADIANS(G7))/Entradas!$D$29)) -> 24.853806 | AQ7: =TAN(RADIANS(45+AP7/2))^2 -> 2.4500865 | AR7: =EXP(PI()*TAN(RADIANS(AP7)))*AQ7 -> 10.499468 | AS7: =(AR7-1)/TAN(RADIANS(AP7)) -> 20.508131 | AT7: =(AR7-1)*TAN(RADIANS(1.4*AP7)) -> 6.6011536 | AU7: =F7/Entradas!$D$29*AS7*(1+0.2*AQ7*Entradas!$C$22)*(1+0.2*SQRT(AQ7)*Entradas!$C$18/D7)+J7*AR7*(1+0.1*AQ7*Entradas!$C$22)*(1+0.1*SQRT(AQ7)*Entradas!$C$18/D7)+0.5*I7*D7*AT7*(1+0.1*AQ7*Entradas!$C$22)*(1+0.1*SQRT(AQ7)*Entradas!$C$18/D7) -> 407.40106
A8: S1 | B8: Oriental (Ibagué) | C8: Mínimo | D8: 2 | E8: NF profundo | F8: =Entradas!E5 -> 0 | G8: =Entradas!E6 -> 27 | H8: =Entradas!E7 -> 16 | I8: =IF(E8="NF en la base",H8-Entradas!$C$19,H8) -> 16 | J8: =H8*Entradas!$C$18 -> 24 | K8: =TAN(RADIANS(45+G8/2))^2 -> 2.6629399 | L8: =EXP(PI()*TAN(RADIANS(G8)))*K8 -> 13.199146 | M8: =(L8-1)/TAN(RADIANS(G8)) -> 23.942173 | N8: =(L8-1)*TAN(RADIANS(1.4*G8)) -> 9.4626279 | O8: =1+0.2*K8*Entradas!$C$22 -> 1.532588 | P8: =1+0.1*K8*Entradas!$C$22 -> 1.266294 | Q8: =1+0.2*SQRT(K8)*Entradas!$C$18/D8 -> 1.2447778 | R8: =1+0.1*SQRT(K8)*Entradas!$C$18/D8 -> 1.1223889 | S8: =F8*M8*O8*Q8+J8*L8*P8*R8+0.5*I8*D8*N8*P8*R8 -> 665.41441 | T8: =S8/Entradas!$C$27 -> 221.8048 | U8: =AI8 -> 228.02054 | V8: =MIN(T8,U8) -> 221.8048 | W8: =Entradas!E8 -> 1915.2 | X8: =Entradas!$C$20*W8/(Entradas!$C$21*D8*(1-Entradas!E9^2))+J8 -> 51.137042 | Y8: =MIN(V8,X8) -> 51.137042 | Z8: =IF(X8<V8,"Asentamiento",IF(T8<=U8,"Falla (FSICP)","Falla (FSB directo)")) -> Asentamiento | AA8: =MIN(S8/Entradas!$C$28,AO8) -> 266.16577 | AB8: =MIN(S8/Entradas!$C$29,AU8) -> 443.60961 | AD8: =DEGREES(ATAN(TAN(RADIANS(G8))/Entradas!$D$27)) -> 18.761783 | AE8: =TAN(RADIANS(45+AD8/2))^2 -> 1.9482619 | AF8: =EXP(PI()*TAN(RADIANS(AD8)))*AE8 -> 5.6637444 | AG8: =(AF8-1)/TAN(RADIANS(AD8)) -> 13.729671 | AH8: =(AF8-1)*TAN(RADIANS(1.4*AD8)) -> 2.3015738 | AI8: =F8/Entradas!$D$27*AG8*(1+0.2*AE8*Entradas!$C$22)*(1+0.2*SQRT(AE8)*Entradas!$C$18/D8)+J8*AF8*(1+0.1*AE8*Entradas!$C$22)*(1+0.1*SQRT(AE8)*Entradas!$C$18/D8)+0.5*I8*D8*AH8*(1+0.1*AE8*Entradas!$C$22)*(1+0.1*SQRT(AE8)*Entradas!$C$18/D8) -> 228.02054 | AJ8: =DEGREES(ATAN(TAN(RADIANS(G8))/Entradas!$D$28)) -> 22.176809 | AK8: =TAN(RADIANS(45+AJ8/2))^2 -> 2.212676 | AL8: =EXP(PI()*TAN(RADIANS(AJ8)))*AK8 -> 7.9627925 | AM8: =(AL8-1)/TAN(RADIANS(AJ8)) -> 17.081562 | AN8: =(AL8-1)*TAN(RADIANS(1.4*AJ8)) -> 4.1915336 | AO8: =F8/Entradas!$D$28*AM8*(1+0.2*AK8*Entradas!$C$22)*(1+0.2*SQRT(AK8)*Entradas!$C$18/D8)+J8*AL8*(1+0.1*AK8*Entradas!$C$22)*(1+0.1*SQRT(AK8)*Entradas!$C$18/D8)+0.5*I8*D8*AN8*(1+0.1*AK8*Entradas!$C$22)*(1+0.1*SQRT(AK8)*Entradas!$C$18/D8) -> 350.47199 | AP8: =DEGREES(ATAN(TAN(RADIANS(G8))/Entradas!$D$29)) -> 24.853806 | AQ8: =TAN(RADIANS(45+AP8/2))^2 -> 2.4500865 | AR8: =EXP(PI()*TAN(RADIANS(AP8)))*AQ8 -> 10.499468 | AS8: =(AR8-1)/TAN(RADIANS(AP8)) -> 20.508131 | AT8: =(AR8-1)*TAN(RADIANS(1.4*AP8)) -> 6.6011536 | AU8: =F8/Entradas!$D$29*AS8*(1+0.2*AQ8*Entradas!$C$22)*(1+0.2*SQRT(AQ8)*Entradas!$C$18/D8)+J8*AR8*(1+0.1*AQ8*Entradas!$C$22)*(1+0.1*SQRT(AQ8)*Entradas!$C$18/D8)+0.5*I8*D8*AT8*(1+0.1*AQ8*Entradas!$C$22)*(1+0.1*SQRT(AQ8)*Entradas!$C$18/D8) -> 497.48932
A9: S1 | B9: Oriental (Ibagué) | C9: Mínimo | D9: 3 | E9: NF en la base | F9: =Entradas!E5 -> 0 | G9: =Entradas!E6 -> 27 | H9: =Entradas!E7 -> 16 | I9: =IF(E9="NF en la base",H9-Entradas!$C$19,H9) -> 6.19 | J9: =H9*Entradas!$C$18 -> 24 | K9: =TAN(RADIANS(45+G9/2))^2 -> 2.6629399 | L9: =EXP(PI()*TAN(RADIANS(G9)))*K9 -> 13.199146 | M9: =(L9-1)/TAN(RADIANS(G9)) -> 23.942173 | N9: =(L9-1)*TAN(RADIANS(1.4*G9)) -> 9.4626279 | O9: =1+0.2*K9*Entradas!$C$22 -> 1.532588 | P9: =1+0.1*K9*Entradas!$C$22 -> 1.266294 | Q9: =1+0.2*SQRT(K9)*Entradas!$C$18/D9 -> 1.1631852 | R9: =1+0.1*SQRT(K9)*Entradas!$C$18/D9 -> 1.0815926 | S9: =F9*M9*O9*Q9+J9*L9*P9*R9+0.5*I9*D9*N9*P9*R9 -> 554.2007 | T9: =S9/Entradas!$C$27 -> 184.73357 | U9: =AI9 -> 201.06291 | V9: =MIN(T9,U9) -> 184.73357 | W9: =Entradas!E8 -> 1915.2 | X9: =Entradas!$C$20*W9/(Entradas!$C$21*D9*(1-Entradas!E9^2))+J9 -> 42.091361 | Y9: =MIN(V9,X9) -> 42.091361 | Z9: =IF(X9<V9,"Asentamiento",IF(T9<=U9,"Falla (FSICP)","Falla (FSB directo)")) -> Asentamiento | AA9: =MIN(S9/Entradas!$C$28,AO9) -> 221.68028 | AB9: =MIN(S9/Entradas!$C$29,AU9) -> 369.46714 | AD9: =DEGREES(ATAN(TAN(RADIANS(G9))/Entradas!$D$27)) -> 18.761783 | AE9: =TAN(RADIANS(45+AD9/2))^2 -> 1.9482619 | AF9: =EXP(PI()*TAN(RADIANS(AD9)))*AE9 -> 5.6637444 | AG9: =(AF9-1)/TAN(RADIANS(AD9)) -> 13.729671 | AH9: =(AF9-1)*TAN(RADIANS(1.4*AD9)) -> 2.3015738 | AI9: =F9/Entradas!$D$27*AG9*(1+0.2*AE9*Entradas!$C$22)*(1+0.2*SQRT(AE9)*Entradas!$C$18/D9)+J9*AF9*(1+0.1*AE9*Entradas!$C$22)*(1+0.1*SQRT(AE9)*Entradas!$C$18/D9)+0.5*I9*D9*AH9*(1+0.1*AE9*Entradas!$C$22)*(1+0.1*SQRT(AE9)*Entradas!$C$18/D9) -> 201.06291 | AJ9: =DEGREES(ATAN(TAN(RADIANS(G9))/Entradas!$D$28)) -> 22.176809 | AK9: =TAN(RADIANS(45+AJ9/2))^2 -> 2.212676 | AL9: =EXP(PI()*TAN(RADIANS(AJ9)))*AK9 -> 7.9627925 | AM9: =(AL9-1)/TAN(RADIANS(AJ9)) -> 17.081562 | AN9: =(AL9-1)*TAN(RADIANS(1.4*AJ9)) -> 4.1915336 | AO9: =F9/Entradas!$D$28*AM9*(1+0.2*AK9*Entradas!$C$22)*(1+0.2*SQRT(AK9)*Entradas!$C$18/D9)+J9*AL9*(1+0.1*AK9*Entradas!$C$22)*(1+0.1*SQRT(AK9)*Entradas!$C$18/D9)+0.5*I9*D9*AN9*(1+0.1*AK9*Entradas!$C$22)*(1+0.1*SQRT(AK9)*Entradas!$C$18/D9) -> 301.81629 | AP9: =DEGREES(ATAN(TAN(RADIANS(G9))/Entradas!$D$29)) -> 24.853806 | AQ9: =TAN(RADIANS(45+AP9/2))^2 -> 2.4500865 | AR9: =EXP(PI()*TAN(RADIANS(AP9)))*AQ9 -> 10.499468 | AS9: =(AR9-1)/TAN(RADIANS(AP9)) -> 20.508131 | AT9: =(AR9-1)*TAN(RADIANS(1.4*AP9)) -> 6.6011536 | AU9: =F9/Entradas!$D$29*AS9*(1+0.2*AQ9*Entradas!$C$22)*(1+0.2*SQRT(AQ9)*Entradas!$C$18/D9)+J9*AR9*(1+0.1*AQ9*Entradas!$C$22)*(1+0.1*SQRT(AQ9)*Entradas!$C$18/D9)+0.5*I9*D9*AT9*(1+0.1*AQ9*Entradas!$C$22)*(1+0.1*SQRT(AQ9)*Entradas!$C$18/D9) -> 420.5606
A10: S1 | B10: Oriental (Ibagué) | C10: Mínimo | D10: 3 | E10: NF profundo | F10: =Entradas!E5 -> 0 | G10: =Entradas!E6 -> 27 | H10: =Entradas!E7 -> 16 | I10: =IF(E10="NF en la base",H10-Entradas!$C$19,H10) -> 16 | J10: =H10*Entradas!$C$18 -> 24 | K10: =TAN(RADIANS(45+G10/2))^2 -> 2.6629399 | L10: =EXP(PI()*TAN(RADIANS(G10)))*K10 -> 13.199146 | M10: =(L10-1)/TAN(RADIANS(G10)) -> 23.942173 | N10: =(L10-1)*TAN(RADIANS(1.4*G10)) -> 9.4626279 | O10: =1+0.2*K10*Entradas!$C$22 -> 1.532588 | P10: =1+0.1*K10*Entradas!$C$22 -> 1.266294 | Q10: =1+0.2*SQRT(K10)*Entradas!$C$18/D10 -> 1.1631852 | R10: =1+0.1*SQRT(K10)*Entradas!$C$18/D10 -> 1.0815926 | S10: =F10*M10*O10*Q10+J10*L10*P10*R10+0.5*I10*D10*N10*P10*R10 -> 744.9093 | T10: =S10/Entradas!$C$27 -> 248.3031 | U10: =AI10 -> 244.353 | V10: =MIN(T10,U10) -> 244.353 | W10: =Entradas!E8 -> 1915.2 | X10: =Entradas!$C$20*W10/(Entradas!$C$21*D10*(1-Entradas!E9^2))+J10 -> 42.091361 | Y10: =MIN(V10,X10) -> 42.091361 | Z10: =IF(X10<V10,"Asentamiento",IF(T10<=U10,"Falla (FSICP)","Falla (FSB directo)")) -> Asentamiento | AA10: =MIN(S10/Entradas!$C$28,AO10) -> 297.96372 | AB10: =MIN(S10/Entradas!$C$29,AU10) -> 496.6062 | AD10: =DEGREES(ATAN(TAN(RADIANS(G10))/Entradas!$D$27)) -> 18.761783 | AE10: =TAN(RADIANS(45+AD10/2))^2 -> 1.9482619 | AF10: =EXP(PI()*TAN(RADIANS(AD10)))*AE10 -> 5.6637444 | AG10: =(AF10-1)/TAN(RADIANS(AD10)) -> 13.729671 | AH10: =(AF10-1)*TAN(RADIANS(1.4*AD10)) -> 2.3015738 | AI10: =F10/Entradas!$D$27*AG10*(1+0.2*AE10*Entradas!$C$22)*(1+0.2*SQRT(AE10)*Entradas!$C$18/D10)+J10*AF10*(1+0.1*AE10*Entradas!$C$22)*(1+0.1*SQRT(AE10)*Entradas!$C$18/D10)+0.5*I10*D10*AH10*(1+0.1*AE10*Entradas!$C$22)*(1+0.1*SQRT(AE10)*Entradas!$C$18/D10) -> 244.353 | AJ10: =DEGREES(ATAN(TAN(RADIANS(G10))/Entradas!$D$28)) -> 22.176809 | AK10: =TAN(RADIANS(45+AJ10/2))^2 -> 2.212676 | AL10: =EXP(PI()*TAN(RADIANS(AJ10)))*AK10 -> 7.9627925 | AM10: =(AL10-1)/TAN(RADIANS(AJ10)) -> 17.081562 | AN10: =(AL10-1)*TAN(RADIANS(1.4*AJ10)) -> 4.1915336 | AO10: =F10/Entradas!$D$28*AM10*(1+0.2*AK10*Entradas!$C$22)*(1+0.2*SQRT(AK10)*Entradas!$C$18/D10)+J10*AL10*(1+0.1*AK10*Entradas!$C$22)*(1+0.1*SQRT(AK10)*Entradas!$C$18/D10)+0.5*I10*D10*AN10*(1+0.1*AK10*Entradas!$C$22)*(1+0.1*SQRT(AK10)*Entradas!$C$18/D10) -> 382.74453 | AP10: =DEGREES(ATAN(TAN(RADIANS(G10))/Entradas!$D$29)) -> 24.853806 | AQ10: =TAN(RADIANS(45+AP10/2))^2 -> 2.4500865 | AR10: =EXP(PI()*TAN(RADIANS(AP10)))*AQ10 -> 10.499468 | AS10: =(AR10-1)/TAN(RADIANS(AP10)) -> 20.508131 | AT10: =(AR10-1)*TAN(RADIANS(1.4*AP10)) -> 6.6011536 | AU10: =F10/Entradas!$D$29*AS10*(1+0.2*AQ10*Entradas!$C$22)*(1+0.2*SQRT(AQ10)*Entradas!$C$18/D10)+J10*AR10*(1+0.1*AQ10*Entradas!$C$22)*(1+0.1*SQRT(AQ10)*Entradas!$C$18/D10)+0.5*I10*D10*AT10*(1+0.1*AQ10*Entradas!$C$22)*(1+0.1*SQRT(AQ10)*Entradas!$C$18/D10) -> 550.96057
A11: S1 | B11: Oriental (Ibagué) | C11: Típico | D11: 1.5 | E11: NF en la base | F11: =Entradas!F5 -> 15 | G11: =Entradas!F6 -> 30 | H11: =Entradas!F7 -> 17 | I11: =IF(E11="NF en la base",H11-Entradas!$C$19,H11) -> 7.19 | J11: =H11*Entradas!$C$18 -> 25.5 | K11: =TAN(RADIANS(45+G11/2))^2 -> 3 | L11: =EXP(PI()*TAN(RADIANS(G11)))*K11 -> 18.401122 | M11: =(L11-1)/TAN(RADIANS(G11)) -> 30.139628 | N11: =(L11-1)*TAN(RADIANS(1.4*G11)) -> 15.668041 | O11: =1+0.2*K11*Entradas!$C$22 -> 1.6 | P11: =1+0.1*K11*Entradas!$C$22 -> 1.3 | Q11: =1+0.2*SQRT(K11)*Entradas!$C$18/D11 -> 1.3464102 | R11: =1+0.1*SQRT(K11)*Entradas!$C$18/D11 -> 1.1732051 | S11: =F11*M11*O11*Q11+J11*L11*P11*R11+0.5*I11*D11*N11*P11*R11 -> 1818.4402 | T11: =S11/Entradas!$C$27 -> 606.14674 | U11: =AI11 -> 569.35303 | V11: =MIN(T11,U11) -> 569.35303 | W11: =Entradas!F8 -> 10533.6 | X11: =Entradas!$C$20*W11/(Entradas!$C$21*D11*(1-Entradas!F9^2))+J11 -> 224.50498 | Y11: =MIN(V11,X11) -> 224.50498 | Z11: =IF(X11<V11,"Asentamiento",IF(T11<=U11,"Falla (FSICP)","Falla (FSB directo)")) -> Asentamiento | AA11: =MIN(S11/Entradas!$C$28,AO11) -> 727.37609 | AB11: =MIN(S11/Entradas!$C$29,AU11) -> 1212.2935 | AD11: =DEGREES(ATAN(TAN(RADIANS(G11))/Entradas!$D$27)) -> 21.051724 | AE11: =TAN(RADIANS(45+AD11/2))^2 -> 2.1211503 | AF11: =EXP(PI()*TAN(RADIANS(AD11)))*AE11 -> 7.1075536 | AG11: =(AF11-1)/TAN(RADIANS(AD11)) -> 15.86789 | AH11: =(AF11-1)*TAN(RADIANS(1.4*AD11)) -> 3.4516068 | AI11: =F11/Entradas!$D$27*AG11*(1+0.2*AE11*Entradas!$C$22)*(1+0.2*SQRT(AE11)*Entradas!$C$18/D11)+J11*AF11*(1+0.1*AE11*Entradas!$C$22)*(1+0.1*SQRT(AE11)*Entradas!$C$18/D11)+0.5*I11*D11*AH11*(1+0.1*AE11*Entradas!$C$22)*(1+0.1*SQRT(AE11)*Entradas!$C$18/D11) -> 569.35303 | AJ11: =DEGREES(ATAN(TAN(RADIANS(G11))/Entradas!$D$28)) -> 24.791281 | AK11: =TAN(RADIANS(45+AJ11/2))^2 -> 2.4442018 | AL11: =EXP(PI()*TAN(RADIANS(AJ11)))*AK11 -> 10.430749 | AM11: =(AL11-1)/TAN(RADIANS(AJ11)) -> 20.418171 | AN11: =(AL11-1)*TAN(RADIANS(1.4*AJ11)) -> 6.5320584 | AO11: =F11/Entradas!$D$28*AM11*(1+0.2*AK11*Entradas!$C$22)*(1+0.2*SQRT(AK11)*Entradas!$C$18/D11)+J11*AL11*(1+0.1*AK11*Entradas!$C$22)*(1+0.1*SQRT(AK11)*Entradas!$C$18/D11)+0.5*I11*D11*AN11*(1+0.1*AK11*Entradas!$C$22)*(1+0.1*SQRT(AK11)*Entradas!$C$18/D11) -> 912.28601 | AP11: =DEGREES(ATAN(TAN(RADIANS(G11))/Entradas!$D$29)) -> 27.693359 | AQ11: =TAN(RADIANS(45+AP11/2))^2 -> 2.7364978 | AR11: =EXP(PI()*TAN(RADIANS(AP11)))*AQ11 -> 14.233345 | AS11: =(AR11-1)/TAN(RADIANS(AP11)) -> 25.212908 | AT11: =(AR11-1)*TAN(RADIANS(1.4*AP11)) -> 10.628746 | AU11: =F11/Entradas!$D$29*AS11*(1+0.2*AQ11*Entradas!$C$22)*(1+0.2*SQRT(AQ11)*Entradas!$C$18/D11)+J11*AR11*(1+0.1*AQ11*Entradas!$C$22)*(1+0.1*SQRT(AQ11)*Entradas!$C$18/D11)+0.5*I11*D11*AT11*(1+0.1*AQ11*Entradas!$C$22)*(1+0.1*SQRT(AQ11)*Entradas!$C$18/D11) -> 1331.8031
A12: S1 | B12: Oriental (Ibagué) | C12: Típico | D12: 1.5 | E12: NF profundo | F12: =Entradas!F5 -> 15 | G12: =Entradas!F6 -> 30 | H12: =Entradas!F7 -> 17 | I12: =IF(E12="NF en la base",H12-Entradas!$C$19,H12) -> 17 | J12: =H12*Entradas!$C$18 -> 25.5 | K12: =TAN(RADIANS(45+G12/2))^2 -> 3 | L12: =EXP(PI()*TAN(RADIANS(G12)))*K12 -> 18.401122 | M12: =(L12-1)/TAN(RADIANS(G12)) -> 30.139628 | N12: =(L12-1)*TAN(RADIANS(1.4*G12)) -> 15.668041 | O12: =1+0.2*K12*Entradas!$C$22 -> 1.6 | P12: =1+0.1*K12*Entradas!$C$22 -> 1.3 | Q12: =1+0.2*SQRT(K12)*Entradas!$C$18/D12 -> 1.3464102 | R12: =1+0.1*SQRT(K12)*Entradas!$C$18/D12 -> 1.1732051 | S12: =F12*M12*O12*Q12+J12*L12*P12*R12+0.5*I12*D12*N12*P12*R12 -> 1994.2578 | T12: =S12/Entradas!$C$27 -> 664.7526 | U12: =AI12 -> 604.61805 | V12: =MIN(T12,U12) -> 604.61805 | W12: =Entradas!F8 -> 10533.6 | X12: =Entradas!$C$20*W12/(Entradas!$C$21*D12*(1-Entradas!F9^2))+J12 -> 224.50498 | Y12: =MIN(V12,X12) -> 224.50498 | Z12: =IF(X12<V12,"Asentamiento",IF(T12<=U12,"Falla (FSICP)","Falla (FSB directo)")) -> Asentamiento | AA12: =MIN(S12/Entradas!$C$28,AO12) -> 797.70312 | AB12: =MIN(S12/Entradas!$C$29,AU12) -> 1329.5052 | AD12: =DEGREES(ATAN(TAN(RADIANS(G12))/Entradas!$D$27)) -> 21.051724 | AE12: =TAN(RADIANS(45+AD12/2))^2 -> 2.1211503 | AF12: =EXP(PI()*TAN(RADIANS(AD12)))*AE12 -> 7.1075536 | AG12: =(AF12-1)/TAN(RADIANS(AD12)) -> 15.86789 | AH12: =(AF12-1)*TAN(RADIANS(1.4*AD12)) -> 3.4516068 | AI12: =F12/Entradas!$D$27*AG12*(1+0.2*AE12*Entradas!$C$22)*(1+0.2*SQRT(AE12)*Entradas!$C$18/D12)+J12*AF12*(1+0.1*AE12*Entradas!$C$22)*(1+0.1*SQRT(AE12)*Entradas!$C$18/D12)+0.5*I12*D12*AH12*(1+0.1*AE12*Entradas!$C$22)*(1+0.1*SQRT(AE12)*Entradas!$C$18/D12) -> 604.61805 | AJ12: =DEGREES(ATAN(TAN(RADIANS(G12))/Entradas!$D$28)) -> 24.791281 | AK12: =TAN(RADIANS(45+AJ12/2))^2 -> 2.4442018 | AL12: =EXP(PI()*TAN(RADIANS(AJ12)))*AK12 -> 10.430749 | AM12: =(AL12-1)/TAN(RADIANS(AJ12)) -> 20.418171 | AN12: =(AL12-1)*TAN(RADIANS(1.4*AJ12)) -> 6.5320584 | AO12: =F12/Entradas!$D$28*AM12*(1+0.2*AK12*Entradas!$C$22)*(1+0.2*SQRT(AK12)*Entradas!$C$18/D12)+J12*AL12*(1+0.1*AK12*Entradas!$C$22)*(1+0.1*SQRT(AK12)*Entradas!$C$18/D12)+0.5*I12*D12*AN12*(1+0.1*AK12*Entradas!$C$22)*(1+0.1*SQRT(AK12)*Entradas!$C$18/D12) -> 981.44246 | AP12: =DEGREES(ATAN(TAN(RADIANS(G12))/Entradas!$D$29)) -> 27.693359 | AQ12: =TAN(RADIANS(45+AP12/2))^2 -> 2.7364978 | AR12: =EXP(PI()*TAN(RADIANS(AP12)))*AQ12 -> 14.233345 | AS12: =(AR12-1)/TAN(RADIANS(AP12)) -> 25.212908 | AT12: =(AR12-1)*TAN(RADIANS(1.4*AP12)) -> 10.628746 | AU12: =F12/Entradas!$D$29*AS12*(1+0.2*AQ12*Entradas!$C$22)*(1+0.2*SQRT(AQ12)*Entradas!$C$18/D12)+J12*AR12*(1+0.1*AQ12*Entradas!$C$22)*(1+0.1*SQRT(AQ12)*Entradas!$C$18/D12)+0.5*I12*D12*AT12*(1+0.1*AQ12*Entradas!$C$22)*(1+0.1*SQRT(AQ12)*Entradas!$C$18/D12) -> 1447.8801
A13: S1 | B13: Oriental (Ibagué) | C13: Típico | D13: 2 | E13: NF en la base | F13: =Entradas!F5 -> 15 | G13: =Entradas!F6 -> 30 | H13: =Entradas!F7 -> 17 | I13: =IF(E13="NF en la base",H13-Entradas!$C$19,H13) -> 7.19 | J13: =H13*Entradas!$C$18 -> 25.5 | K13: =TAN(RADIANS(45+G13/2))^2 -> 3 | L13: =EXP(PI()*TAN(RADIANS(G13)))*K13 -> 18.401122 | M13: =(L13-1)/TAN(RADIANS(G13)) -> 30.139628 | N13: =(L13-1)*TAN(RADIANS(1.4*G13)) -> 15.668041 | O13: =1+0.2*K13*Entradas!$C$22 -> 1.6 | P13: =1+0.1*K13*Entradas!$C$22 -> 1.3 | Q13: =1+0.2*SQRT(K13)*Entradas!$C$18/D13 -> 1.2598076 | R13: =1+0.1*SQRT(K13)*Entradas!$C$18/D13 -> 1.1299038 | S13: =F13*M13*O13*Q13+J13*L13*P13*R13+0.5*I13*D13*N13*P13*R13 -> 1765.9948 | T13: =S13/Entradas!$C$27 -> 588.66494 | U13: =AI13 -> 552.41725 | V13: =MIN(T13,U13) -> 552.41725 | W13: =Entradas!F8 -> 10533.6 | X13: =Entradas!$C$20*W13/(Entradas!$C$21*D13*(1-Entradas!F9^2))+J13 -> 174.75373 | Y13: =MIN(V13,X13) -> 174.75373 | Z13: =IF(X13<V13,"Asentamiento",IF(T13<=U13,"Falla (FSICP)","Falla (FSB directo)")) -> Asentamiento | AA13: =MIN(S13/Entradas!$C$28,AO13) -> 706.39793 | AB13: =MIN(S13/Entradas!$C$29,AU13) -> 1177.3299 | AD13: =DEGREES(ATAN(TAN(RADIANS(G13))/Entradas!$D$27)) -> 21.051724 | AE13: =TAN(RADIANS(45+AD13/2))^2 -> 2.1211503 | AF13: =EXP(PI()*TAN(RADIANS(AD13)))*AE13 -> 7.1075536 | AG13: =(AF13-1)/TAN(RADIANS(AD13)) -> 15.86789 | AH13: =(AF13-1)*TAN(RADIANS(1.4*AD13)) -> 3.4516068 | AI13: =F13/Entradas!$D$27*AG13*(1+0.2*AE13*Entradas!$C$22)*(1+0.2*SQRT(AE13)*Entradas!$C$18/D13)+J13*AF13*(1+0.1*AE13*Entradas!$C$22)*(1+0.1*SQRT(AE13)*Entradas!$C$18/D13)+0.5*I13*D13*AH13*(1+0.1*AE13*Entradas!$C$22)*(1+0.1*SQRT(AE13)*Entradas!$C$18/D13) -> 552.41725 | AJ13: =DEGREES(ATAN(TAN(RADIANS(G13))/Entradas!$D$28)) -> 24.791281 | AK13: =TAN(RADIANS(45+AJ13/2))^2 -> 2.4442018 | AL13: =EXP(PI()*TAN(RADIANS(AJ13)))*AK13 -> 10.430749 | AM13: =(AL13-1)/TAN(RADIANS(AJ13)) -> 20.418171 | AN13: =(AL13-1)*TAN(RADIANS(1.4*AJ13)) -> 6.5320584 | AO13: =F13/Entradas!$D$28*AM13*(1+0.2*AK13*Entradas!$C$22)*(1+0.2*SQRT(AK13)*Entradas!$C$18/D13)+J13*AL13*(1+0.1*AK13*Entradas!$C$22)*(1+0.1*SQRT(AK13)*Entradas!$C$18/D13)+0.5*I13*D13*AN13*(1+0.1*AK13*Entradas!$C$22)*(1+0.1*SQRT(AK13)*Entradas!$C$18/D13) -> 885.44453 | AP13: =DEGREES(ATAN(TAN(RADIANS(G13))/Entradas!$D$29)) -> 27.693359 | AQ13: =TAN(RADIANS(45+AP13/2))^2 -> 2.7364978 | AR13: =EXP(PI()*TAN(RADIANS(AP13)))*AQ13 -> 14.233345 | AS13: =(AR13-1)/TAN(RADIANS(AP13)) -> 25.212908 | AT13: =(AR13-1)*TAN(RADIANS(1.4*AP13)) -> 10.628746 | AU13: =F13/Entradas!$D$29*AS13*(1+0.2*AQ13*Entradas!$C$22)*(1+0.2*SQRT(AQ13)*Entradas!$C$18/D13)+J13*AR13*(1+0.1*AQ13*Entradas!$C$22)*(1+0.1*SQRT(AQ13)*Entradas!$C$18/D13)+0.5*I13*D13*AT13*(1+0.1*AQ13*Entradas!$C$22)*(1+0.1*SQRT(AQ13)*Entradas!$C$18/D13) -> 1293.0177
A14: S1 | B14: Oriental (Ibagué) | C14: Típico | D14: 2 | E14: NF profundo | F14: =Entradas!F5 -> 15 | G14: =Entradas!F6 -> 30 | H14: =Entradas!F7 -> 17 | I14: =IF(E14="NF en la base",H14-Entradas!$C$19,H14) -> 17 | J14: =H14*Entradas!$C$18 -> 25.5 | K14: =TAN(RADIANS(45+G14/2))^2 -> 3 | L14: =EXP(PI()*TAN(RADIANS(G14)))*K14 -> 18.401122 | M14: =(L14-1)/TAN(RADIANS(G14)) -> 30.139628 | N14: =(L14-1)*TAN(RADIANS(1.4*G14)) -> 15.668041 | O14: =1+0.2*K14*Entradas!$C$22 -> 1.6 | P14: =1+0.1*K14*Entradas!$C$22 -> 1.3 | Q14: =1+0.2*SQRT(K14)*Entradas!$C$18/D14 -> 1.2598076 | R14: =1+0.1*SQRT(K14)*Entradas!$C$18/D14 -> 1.1299038 | S14: =F14*M14*O14*Q14+J14*L14*P14*R14+0.5*I14*D14*N14*P14*R14 -> 1991.766 | T14: =S14/Entradas!$C$27 -> 663.92201 | U14: =AI14 -> 597.94291 | V14: =MIN(T14,U14) -> 597.94291 | W14: =Entradas!F8 -> 10533.6 | X14: =Entradas!$C$20*W14/(Entradas!$C$21*D14*(1-Entradas!F9^2))+J14 -> 174.75373 | Y14: =MIN(V14,X14) -> 174.75373 | Z14: =IF(X14<V14,"Asentamiento",IF(T14<=U14,"Falla (FSICP)","Falla (FSB directo)")) -> Asentamiento | AA14: =MIN(S14/Entradas!$C$28,AO14) -> 796.70641 | AB14: =MIN(S14/Entradas!$C$29,AU14) -> 1327.844 | AD14: =DEGREES(ATAN(TAN(RADIANS(G14))/Entradas!$D$27)) -> 21.051724 | AE14: =TAN(RADIANS(45+AD14/2))^2 -> 2.1211503 | AF14: =EXP(PI()*TAN(RADIANS(AD14)))*AE14 -> 7.1075536 | AG14: =(AF14-1)/TAN(RADIANS(AD14)) -> 15.86789 | AH14: =(AF14-1)*TAN(RADIANS(1.4*AD14)) -> 3.4516068 | AI14: =F14/Entradas!$D$27*AG14*(1+0.2*AE14*Entradas!$C$22)*(1+0.2*SQRT(AE14)*Entradas!$C$18/D14)+J14*AF14*(1+0.1*AE14*Entradas!$C$22)*(1+0.1*SQRT(AE14)*Entradas!$C$18/D14)+0.5*I14*D14*AH14*(1+0.1*AE14*Entradas!$C$22)*(1+0.1*SQRT(AE14)*Entradas!$C$18/D14) -> 597.94291 | AJ14: =DEGREES(ATAN(TAN(RADIANS(G14))/Entradas!$D$28)) -> 24.791281 | AK14: =TAN(RADIANS(45+AJ14/2))^2 -> 2.4442018 | AL14: =EXP(PI()*TAN(RADIANS(AJ14)))*AK14 -> 10.430749 | AM14: =(AL14-1)/TAN(RADIANS(AJ14)) -> 20.418171 | AN14: =(AL14-1)*TAN(RADIANS(1.4*AJ14)) -> 6.5320584 | AO14: =F14/Entradas!$D$28*AM14*(1+0.2*AK14*Entradas!$C$22)*(1+0.2*SQRT(AK14)*Entradas!$C$18/D14)+J14*AL14*(1+0.1*AK14*Entradas!$C$22)*(1+0.1*SQRT(AK14)*Entradas!$C$18/D14)+0.5*I14*D14*AN14*(1+0.1*AK14*Entradas!$C$22)*(1+0.1*SQRT(AK14)*Entradas!$C$18/D14) -> 974.53644 | AP14: =DEGREES(ATAN(TAN(RADIANS(G14))/Entradas!$D$29)) -> 27.693359 | AQ14: =TAN(RADIANS(45+AP14/2))^2 -> 2.7364978 | AR14: =EXP(PI()*TAN(RADIANS(AP14)))*AQ14 -> 14.233345 | AS14: =(AR14-1)/TAN(RADIANS(AP14)) -> 25.212908 | AT14: =(AR14-1)*TAN(RADIANS(1.4*AP14)) -> 10.628746 | AU14: =F14/Entradas!$D$29*AS14*(1+0.2*AQ14*Entradas!$C$22)*(1+0.2*SQRT(AQ14)*Entradas!$C$18/D14)+J14*AR14*(1+0.1*AQ14*Entradas!$C$22)*(1+0.1*SQRT(AQ14)*Entradas!$C$18/D14)+0.5*I14*D14*AT14*(1+0.1*AQ14*Entradas!$C$22)*(1+0.1*SQRT(AQ14)*Entradas!$C$18/D14) -> 1442.2949
A15: S1 | B15: Oriental (Ibagué) | C15: Típico | D15: 3 | E15: NF en la base | F15: =Entradas!F5 -> 15 | G15: =Entradas!F6 -> 30 | H15: =Entradas!F7 -> 17 | I15: =IF(E15="NF en la base",H15-Entradas!$C$19,H15) -> 7.19 | J15: =H15*Entradas!$C$18 -> 25.5 | K15: =TAN(RADIANS(45+G15/2))^2 -> 3 | L15: =EXP(PI()*TAN(RADIANS(G15)))*K15 -> 18.401122 | M15: =(L15-1)/TAN(RADIANS(G15)) -> 30.139628 | N15: =(L15-1)*TAN(RADIANS(1.4*G15)) -> 15.668041 | O15: =1+0.2*K15*Entradas!$C$22 -> 1.6 | P15: =1+0.1*K15*Entradas!$C$22 -> 1.3 | Q15: =1+0.2*SQRT(K15)*Entradas!$C$18/D15 -> 1.1732051 | R15: =1+0.1*SQRT(K15)*Entradas!$C$18/D15 -> 1.0866025 | S15: =F15*M15*O15*Q15+J15*L15*P15*R15+0.5*I15*D15*N15*P15*R15 -> 1750.1617 | T15: =S15/Entradas!$C$27 -> 583.38724 | U15: =AI15 -> 543.00175 | V15: =MIN(T15,U15) -> 543.00175 | W15: =Entradas!F8 -> 10533.6 | X15: =Entradas!$C$20*W15/(Entradas!$C$21*D15*(1-Entradas!F9^2))+J15 -> 125.00249 | Y15: =MIN(V15,X15) -> 125.00249 | Z15: =IF(X15<V15,"Asentamiento",IF(T15<=U15,"Falla (FSICP)","Falla (FSB directo)")) -> Asentamiento | AA15: =MIN(S15/Entradas!$C$28,AO15) -> 700.06469 | AB15: =MIN(S15/Entradas!$C$29,AU15) -> 1166.7745 | AD15: =DEGREES(ATAN(TAN(RADIANS(G15))/Entradas!$D$27)) -> 21.051724 | AE15: =TAN(RADIANS(45+AD15/2))^2 -> 2.1211503 | AF15: =EXP(PI()*TAN(RADIANS(AD15)))*AE15 -> 7.1075536 | AG15: =(AF15-1)/TAN(RADIANS(AD15)) -> 15.86789 | AH15: =(AF15-1)*TAN(RADIANS(1.4*AD15)) -> 3.4516068 | AI15: =F15/Entradas!$D$27*AG15*(1+0.2*AE15*Entradas!$C$22)*(1+0.2*SQRT(AE15)*Entradas!$C$18/D15)+J15*AF15*(1+0.1*AE15*Entradas!$C$22)*(1+0.1*SQRT(AE15)*Entradas!$C$18/D15)+0.5*I15*D15*AH15*(1+0.1*AE15*Entradas!$C$22)*(1+0.1*SQRT(AE15)*Entradas!$C$18/D15) -> 543.00175 | AJ15: =DEGREES(ATAN(TAN(RADIANS(G15))/Entradas!$D$28)) -> 24.791281 | AK15: =TAN(RADIANS(45+AJ15/2))^2 -> 2.4442018 | AL15: =EXP(PI()*TAN(RADIANS(AJ15)))*AK15 -> 10.430749 | AM15: =(AL15-1)/TAN(RADIANS(AJ15)) -> 20.418171 | AN15: =(AL15-1)*TAN(RADIANS(1.4*AJ15)) -> 6.5320584 | AO15: =F15/Entradas!$D$28*AM15*(1+0.2*AK15*Entradas!$C$22)*(1+0.2*SQRT(AK15)*Entradas!$C$18/D15)+J15*AL15*(1+0.1*AK15*Entradas!$C$22)*(1+0.1*SQRT(AK15)*Entradas!$C$18/D15)+0.5*I15*D15*AN15*(1+0.1*AK15*Entradas!$C$22)*(1+0.1*SQRT(AK15)*Entradas!$C$18/D15) -> 873.21426 | AP15: =DEGREES(ATAN(TAN(RADIANS(G15))/Entradas!$D$29)) -> 27.693359 | AQ15: =TAN(RADIANS(45+AP15/2))^2 -> 2.7364978 | AR15: =EXP(PI()*TAN(RADIANS(AP15)))*AQ15 -> 14.233345 | AS15: =(AR15-1)/TAN(RADIANS(AP15)) -> 25.212908 | AT15: =(AR15-1)*TAN(RADIANS(1.4*AP15)) -> 10.628746 | AU15: =F15/Entradas!$D$29*AS15*(1+0.2*AQ15*Entradas!$C$22)*(1+0.2*SQRT(AQ15)*Entradas!$C$18/D15)+J15*AR15*(1+0.1*AQ15*Entradas!$C$22)*(1+0.1*SQRT(AQ15)*Entradas!$C$18/D15)+0.5*I15*D15*AT15*(1+0.1*AQ15*Entradas!$C$22)*(1+0.1*SQRT(AQ15)*Entradas!$C$18/D15) -> 1278.5655
A16: S1 | B16: Oriental (Ibagué) | C16: Típico | D16: 3 | E16: NF profundo | F16: =Entradas!F5 -> 15 | G16: =Entradas!F6 -> 30 | H16: =Entradas!F7 -> 17 | I16: =IF(E16="NF en la base",H16-Entradas!$C$19,H16) -> 17 | J16: =H16*Entradas!$C$18 -> 25.5 | K16: =TAN(RADIANS(45+G16/2))^2 -> 3 | L16: =EXP(PI()*TAN(RADIANS(G16)))*K16 -> 18.401122 | M16: =(L16-1)/TAN(RADIANS(G16)) -> 30.139628 | N16: =(L16-1)*TAN(RADIANS(1.4*G16)) -> 15.668041 | O16: =1+0.2*K16*Entradas!$C$22 -> 1.6 | P16: =1+0.1*K16*Entradas!$C$22 -> 1.3 | Q16: =1+0.2*SQRT(K16)*Entradas!$C$18/D16 -> 1.1732051 | R16: =1+0.1*SQRT(K16)*Entradas!$C$18/D16 -> 1.0866025 | S16: =F16*M16*O16*Q16+J16*L16*P16*R16+0.5*I16*D16*N16*P16*R16 -> 2075.8402 | T16: =S16/Entradas!$C$27 -> 691.94673 | U16: =AI16 -> 609.04868 | V16: =MIN(T16,U16) -> 609.04868 | W16: =Entradas!F8 -> 10533.6 | X16: =Entradas!$C$20*W16/(Entradas!$C$21*D16*(1-Entradas!F9^2))+J16 -> 125.00249 | Y16: =MIN(V16,X16) -> 125.00249 | Z16: =IF(X16<V16,"Asentamiento",IF(T16<=U16,"Falla (FSICP)","Falla (FSB directo)")) -> Asentamiento | AA16: =MIN(S16/Entradas!$C$28,AO16) -> 830.33607 | AB16: =MIN(S16/Entradas!$C$29,AU16) -> 1383.8935 | AD16: =DEGREES(ATAN(TAN(RADIANS(G16))/Entradas!$D$27)) -> 21.051724 | AE16: =TAN(RADIANS(45+AD16/2))^2 -> 2.1211503 | AF16: =EXP(PI()*TAN(RADIANS(AD16)))*AE16 -> 7.1075536 | AG16: =(AF16-1)/TAN(RADIANS(AD16)) -> 15.86789 | AH16: =(AF16-1)*TAN(RADIANS(1.4*AD16)) -> 3.4516068 | AI16: =F16/Entradas!$D$27*AG16*(1+0.2*AE16*Entradas!$C$22)*(1+0.2*SQRT(AE16)*Entradas!$C$18/D16)+J16*AF16*(1+0.1*AE16*Entradas!$C$22)*(1+0.1*SQRT(AE16)*Entradas!$C$18/D16)+0.5*I16*D16*AH16*(1+0.1*AE16*Entradas!$C$22)*(1+0.1*SQRT(AE16)*Entradas!$C$18/D16) -> 609.04868 | AJ16: =DEGREES(ATAN(TAN(RADIANS(G16))/Entradas!$D$28)) -> 24.791281 | AK16: =TAN(RADIANS(45+AJ16/2))^2 -> 2.4442018 | AL16: =EXP(PI()*TAN(RADIANS(AJ16)))*AK16 -> 10.430749 | AM16: =(AL16-1)/TAN(RADIANS(AJ16)) -> 20.418171 | AN16: =(AL16-1)*TAN(RADIANS(1.4*AJ16)) -> 6.5320584 | AO16: =F16/Entradas!$D$28*AM16*(1+0.2*AK16*Entradas!$C$22)*(1+0.2*SQRT(AK16)*Entradas!$C$18/D16)+J16*AL16*(1+0.1*AK16*Entradas!$C$22)*(1+0.1*SQRT(AK16)*Entradas!$C$18/D16)+0.5*I16*D16*AN16*(1+0.1*AK16*Entradas!$C$22)*(1+0.1*SQRT(AK16)*Entradas!$C$18/D16) -> 1002.1771 | AP16: =DEGREES(ATAN(TAN(RADIANS(G16))/Entradas!$D$29)) -> 27.693359 | AQ16: =TAN(RADIANS(45+AP16/2))^2 -> 2.7364978 | AR16: =EXP(PI()*TAN(RADIANS(AP16)))*AQ16 -> 14.233345 | AS16: =(AR16-1)/TAN(RADIANS(AP16)) -> 25.212908 | AT16: =(AR16-1)*TAN(RADIANS(1.4*AP16)) -> 10.628746 | AU16: =F16/Entradas!$D$29*AS16*(1+0.2*AQ16*Entradas!$C$22)*(1+0.2*SQRT(AQ16)*Entradas!$C$18/D16)+J16*AR16*(1+0.1*AQ16*Entradas!$C$22)*(1+0.1*SQRT(AQ16)*Entradas!$C$18/D16)+0.5*I16*D16*AT16*(1+0.1*AQ16*Entradas!$C$22)*(1+0.1*SQRT(AQ16)*Entradas!$C$18/D16) -> 1494.2432
A17: S1 | B17: Oriental (Ibagué) | C17: Máximo | D17: 1.5 | E17: NF en la base | F17: =Entradas!G5 -> 29 | G17: =Entradas!G6 -> 32 | H17: =Entradas!G7 -> 18 | I17: =IF(E17="NF en la base",H17-Entradas!$C$19,H17) -> 8.19 | J17: =H17*Entradas!$C$18 -> 27 | K17: =TAN(RADIANS(45+G17/2))^2 -> 3.2545883 | L17: =EXP(PI()*TAN(RADIANS(G17)))*K17 -> 23.176776 | M17: =(L17-1)/TAN(RADIANS(G17)) -> 35.490261 | N17: =(L17-1)*TAN(RADIANS(1.4*G17)) -> 22.022491 | O17: =1+0.2*K17*Entradas!$C$22 -> 1.6509177 | P17: =1+0.1*K17*Entradas!$C$22 -> 1.3254588 | Q17: =1+0.2*SQRT(K17)*Entradas!$C$18/D17 -> 1.3608096 | R17: =1+0.1*SQRT(K17)*Entradas!$C$18/D17 -> 1.1804048 | S17: =F17*M17*O17*Q17+J17*L17*P17*R17+0.5*I17*D17*N17*P17*R17 -> 3502.9402 | T17: =S17/Entradas!$C$27 -> 1167.6467 | U17: =AI17 -> 996.74079 | V17: =MIN(T17,U17) -> 996.74079 | W17: =Entradas!G8 -> 19152 | X17: =Entradas!$C$20*W17/(Entradas!$C$21*D17*(1-Entradas!G9^2))+J17 -> 388.82723 | Y17: =MIN(V17,X17) -> 388.82723 | Z17: =IF(X17<V17,"Asentamiento",IF(T17<=U17,"Falla (FSICP)","Falla (FSB directo)")) -> Asentamiento | AA17: =MIN(S17/Entradas!$C$28,AO17) -> 1401.1761 | AB17: =MIN(S17/Entradas!$C$29,AU17) -> 2335.2935 | AD17: =DEGREES(ATAN(TAN(RADIANS(G17))/Entradas!$D$27)) -> 22.615613 | AE17: =TAN(RADIANS(45+AD17/2))^2 -> 2.2496382 | AF17: =EXP(PI()*TAN(RADIANS(AD17)))*AE17 -> 8.3269124 | AG17: =(AF17-1)/TAN(RADIANS(AD17)) -> 17.588266 | AH17: =(AF17-1)*TAN(RADIANS(1.4*AD17)) -> 4.518458 | AI17: =F17/Entradas!$D$27*AG17*(1+0.2*AE17*Entradas!$C$22)*(1+0.2*SQRT(AE17)*Entradas!$C$18/D17)+J17*AF17*(1+0.1*AE17*Entradas!$C$22)*(1+0.1*SQRT(AE17)*Entradas!$C$18/D17)+0.5*I17*D17*AH17*(1+0.1*AE17*Entradas!$C$22)*(1+0.1*SQRT(AE17)*Entradas!$C$18/D17) -> 996.74079 | AJ17: =DEGREES(ATAN(TAN(RADIANS(G17))/Entradas!$D$28)) -> 26.56026 | AK17: =TAN(RADIANS(45+AJ17/2))^2 -> 2.6175445 | AL17: =EXP(PI()*TAN(RADIANS(AJ17)))*AK17 -> 12.587505 | AM17: =(AL17-1)/TAN(RADIANS(AJ17)) -> 23.179855 | AN17: =(AL17-1)*TAN(RADIANS(1.4*AJ17)) -> 8.790412 | AO17: =F17/Entradas!$D$28*AM17*(1+0.2*AK17*Entradas!$C$22)*(1+0.2*SQRT(AK17)*Entradas!$C$18/D17)+J17*AL17*(1+0.1*AK17*Entradas!$C$22)*(1+0.1*SQRT(AK17)*Entradas!$C$18/D17)+0.5*I17*D17*AN17*(1+0.1*AK17*Entradas!$C$22)*(1+0.1*SQRT(AK17)*Entradas!$C$18/D17) -> 1661.7609 | AP17: =DEGREES(ATAN(TAN(RADIANS(G17))/Entradas!$D$29)) -> 29.599306 | AQ17: =TAN(RADIANS(45+AP17/2))^2 -> 2.9520329 | AR17: =EXP(PI()*TAN(RADIANS(AP17)))*AQ17 -> 17.586239 | AS17: =(AR17-1)/TAN(RADIANS(AP17)) -> 29.197885 | AT17: =(AR17-1)*TAN(RADIANS(1.4*AP17)) -> 14.642829 | AU17: =F17/Entradas!$D$29*AS17*(1+0.2*AQ17*Entradas!$C$22)*(1+0.2*SQRT(AQ17)*Entradas!$C$18/D17)+J17*AR17*(1+0.1*AQ17*Entradas!$C$22)*(1+0.1*SQRT(AQ17)*Entradas!$C$18/D17)+0.5*I17*D17*AT17*(1+0.1*AQ17*Entradas!$C$22)*(1+0.1*SQRT(AQ17)*Entradas!$C$18/D17) -> 2502.0949
A18: S1 | B18: Oriental (Ibagué) | C18: Máximo | D18: 1.5 | E18: NF profundo | F18: =Entradas!G5 -> 29 | G18: =Entradas!G6 -> 32 | H18: =Entradas!G7 -> 18 | I18: =IF(E18="NF en la base",H18-Entradas!$C$19,H18) -> 18 | J18: =H18*Entradas!$C$18 -> 27 | K18: =TAN(RADIANS(45+G18/2))^2 -> 3.2545883 | L18: =EXP(PI()*TAN(RADIANS(G18)))*K18 -> 23.176776 | M18: =(L18-1)/TAN(RADIANS(G18)) -> 35.490261 | N18: =(L18-1)*TAN(RADIANS(1.4*G18)) -> 22.022491 | O18: =1+0.2*K18*Entradas!$C$22 -> 1.6509177 | P18: =1+0.1*K18*Entradas!$C$22 -> 1.3254588 | Q18: =1+0.2*SQRT(K18)*Entradas!$C$18/D18 -> 1.3608096 | R18: =1+0.1*SQRT(K18)*Entradas!$C$18/D18 -> 1.1804048 | S18: =F18*M18*O18*Q18+J18*L18*P18*R18+0.5*I18*D18*N18*P18*R18 -> 3756.4495 | T18: =S18/Entradas!$C$27 -> 1252.1498 | U18: =AI18 -> 1043.5722 | V18: =MIN(T18,U18) -> 1043.5722 | W18: =Entradas!G8 -> 19152 | X18: =Entradas!$C$20*W18/(Entradas!$C$21*D18*(1-Entradas!G9^2))+J18 -> 388.82723 | Y18: =MIN(V18,X18) -> 388.82723 | Z18: =IF(X18<V18,"Asentamiento",IF(T18<=U18,"Falla (FSICP)","Falla (FSB directo)")) -> Asentamiento | AA18: =MIN(S18/Entradas!$C$28,AO18) -> 1502.5798 | AB18: =MIN(S18/Entradas!$C$29,AU18) -> 2504.2997 | AD18: =DEGREES(ATAN(TAN(RADIANS(G18))/Entradas!$D$27)) -> 22.615613 | AE18: =TAN(RADIANS(45+AD18/2))^2 -> 2.2496382 | AF18: =EXP(PI()*TAN(RADIANS(AD18)))*AE18 -> 8.3269124 | AG18: =(AF18-1)/TAN(RADIANS(AD18)) -> 17.588266 | AH18: =(AF18-1)*TAN(RADIANS(1.4*AD18)) -> 4.518458 | AI18: =F18/Entradas!$D$27*AG18*(1+0.2*AE18*Entradas!$C$22)*(1+0.2*SQRT(AE18)*Entradas!$C$18/D18)+J18*AF18*(1+0.1*AE18*Entradas!$C$22)*(1+0.1*SQRT(AE18)*Entradas!$C$18/D18)+0.5*I18*D18*AH18*(1+0.1*AE18*Entradas!$C$22)*(1+0.1*SQRT(AE18)*Entradas!$C$18/D18) -> 1043.5722 | AJ18: =DEGREES(ATAN(TAN(RADIANS(G18))/Entradas!$D$28)) -> 26.56026 | AK18: =TAN(RADIANS(45+AJ18/2))^2 -> 2.6175445 | AL18: =EXP(PI()*TAN(RADIANS(AJ18)))*AK18 -> 12.587505 | AM18: =(AL18-1)/TAN(RADIANS(AJ18)) -> 23.179855 | AN18: =(AL18-1)*TAN(RADIANS(1.4*AJ18)) -> 8.790412 | AO18: =F18/Entradas!$D$28*AM18*(1+0.2*AK18*Entradas!$C$22)*(1+0.2*SQRT(AK18)*Entradas!$C$18/D18)+J18*AL18*(1+0.1*AK18*Entradas!$C$22)*(1+0.1*SQRT(AK18)*Entradas!$C$18/D18)+0.5*I18*D18*AN18*(1+0.1*AK18*Entradas!$C$22)*(1+0.1*SQRT(AK18)*Entradas!$C$18/D18) -> 1756.5681 | AP18: =DEGREES(ATAN(TAN(RADIANS(G18))/Entradas!$D$29)) -> 29.599306 | AQ18: =TAN(RADIANS(45+AP18/2))^2 -> 2.9520329 | AR18: =EXP(PI()*TAN(RADIANS(AP18)))*AQ18 -> 17.586239 | AS18: =(AR18-1)/TAN(RADIANS(AP18)) -> 29.197885 | AT18: =(AR18-1)*TAN(RADIANS(1.4*AP18)) -> 14.642829 | AU18: =F18/Entradas!$D$29*AS18*(1+0.2*AQ18*Entradas!$C$22)*(1+0.2*SQRT(AQ18)*Entradas!$C$18/D18)+J18*AR18*(1+0.1*AQ18*Entradas!$C$22)*(1+0.1*SQRT(AQ18)*Entradas!$C$18/D18)+0.5*I18*D18*AT18*(1+0.1*AQ18*Entradas!$C$22)*(1+0.1*SQRT(AQ18)*Entradas!$C$18/D18) -> 2665.6079
A19: S1 | B19: Oriental (Ibagué) | C19: Máximo | D19: 2 | E19: NF en la base | F19: =Entradas!G5 -> 29 | G19: =Entradas!G6 -> 32 | H19: =Entradas!G7 -> 18 | I19: =IF(E19="NF en la base",H19-Entradas!$C$19,H19) -> 8.19 | J19: =H19*Entradas!$C$18 -> 27 | K19: =TAN(RADIANS(45+G19/2))^2 -> 3.2545883 | L19: =EXP(PI()*TAN(RADIANS(G19)))*K19 -> 23.176776 | M19: =(L19-1)/TAN(RADIANS(G19)) -> 35.490261 | N19: =(L19-1)*TAN(RADIANS(1.4*G19)) -> 22.022491 | O19: =1+0.2*K19*Entradas!$C$22 -> 1.6509177 | P19: =1+0.1*K19*Entradas!$C$22 -> 1.3254588 | Q19: =1+0.2*SQRT(K19)*Entradas!$C$18/D19 -> 1.2706072 | R19: =1+0.1*SQRT(K19)*Entradas!$C$18/D19 -> 1.1353036 | S19: =F19*M19*O19*Q19+J19*L19*P19*R19+0.5*I19*D19*N19*P19*R19 -> 3372.0303 | T19: =S19/Entradas!$C$27 -> 1124.0101 | U19: =AI19 -> 960.77225 | V19: =MIN(T19,U19) -> 960.77225 | W19: =Entradas!G8 -> 19152 | X19: =Entradas!$C$20*W19/(Entradas!$C$21*D19*(1-Entradas!G9^2))+J19 -> 298.37042 | Y19: =MIN(V19,X19) -> 298.37042 | Z19: =IF(X19<V19,"Asentamiento",IF(T19<=U19,"Falla (FSICP)","Falla (FSB directo)")) -> Asentamiento | AA19: =MIN(S19/Entradas!$C$28,AO19) -> 1348.8121 | AB19: =MIN(S19/Entradas!$C$29,AU19) -> 2248.0202 | AD19: =DEGREES(ATAN(TAN(RADIANS(G19))/Entradas!$D$27)) -> 22.615613 | AE19: =TAN(RADIANS(45+AD19/2))^2 -> 2.2496382 | AF19: =EXP(PI()*TAN(RADIANS(AD19)))*AE19 -> 8.3269124 | AG19: =(AF19-1)/TAN(RADIANS(AD19)) -> 17.588266 | AH19: =(AF19-1)*TAN(RADIANS(1.4*AD19)) -> 4.518458 | AI19: =F19/Entradas!$D$27*AG19*(1+0.2*AE19*Entradas!$C$22)*(1+0.2*SQRT(AE19)*Entradas!$C$18/D19)+J19*AF19*(1+0.1*AE19*Entradas!$C$22)*(1+0.1*SQRT(AE19)*Entradas!$C$18/D19)+0.5*I19*D19*AH19*(1+0.1*AE19*Entradas!$C$22)*(1+0.1*SQRT(AE19)*Entradas!$C$18/D19) -> 960.77225 | AJ19: =DEGREES(ATAN(TAN(RADIANS(G19))/Entradas!$D$28)) -> 26.56026 | AK19: =TAN(RADIANS(45+AJ19/2))^2 -> 2.6175445 | AL19: =EXP(PI()*TAN(RADIANS(AJ19)))*AK19 -> 12.587505 | AM19: =(AL19-1)/TAN(RADIANS(AJ19)) -> 23.179855 | AN19: =(AL19-1)*TAN(RADIANS(1.4*AJ19)) -> 8.790412 | AO19: =F19/Entradas!$D$28*AM19*(1+0.2*AK19*Entradas!$C$22)*(1+0.2*SQRT(AK19)*Entradas!$C$18/D19)+J19*AL19*(1+0.1*AK19*Entradas!$C$22)*(1+0.1*SQRT(AK19)*Entradas!$C$18/D19)+0.5*I19*D19*AN19*(1+0.1*AK19*Entradas!$C$22)*(1+0.1*SQRT(AK19)*Entradas!$C$18/D19) -> 1600.8491 | AP19: =DEGREES(ATAN(TAN(RADIANS(G19))/Entradas!$D$29)) -> 29.599306 | AQ19: =TAN(RADIANS(45+AP19/2))^2 -> 2.9520329 | AR19: =EXP(PI()*TAN(RADIANS(AP19)))*AQ19 -> 17.586239 | AS19: =(AR19-1)/TAN(RADIANS(AP19)) -> 29.197885 | AT19: =(AR19-1)*TAN(RADIANS(1.4*AP19)) -> 14.642829 | AU19: =F19/Entradas!$D$29*AS19*(1+0.2*AQ19*Entradas!$C$22)*(1+0.2*SQRT(AQ19)*Entradas!$C$18/D19)+J19*AR19*(1+0.1*AQ19*Entradas!$C$22)*(1+0.1*SQRT(AQ19)*Entradas!$C$18/D19)+0.5*I19*D19*AT19*(1+0.1*AQ19*Entradas!$C$22)*(1+0.1*SQRT(AQ19)*Entradas!$C$18/D19) -> 2409.3393
A20: S1 | B20: Oriental (Ibagué) | C20: Máximo | D20: 2 | E20: NF profundo | F20: =Entradas!G5 -> 29 | G20: =Entradas!G6 -> 32 | H20: =Entradas!G7 -> 18 | I20: =IF(E20="NF en la base",H20-Entradas!$C$19,H20) -> 18 | J20: =H20*Entradas!$C$18 -> 27 | K20: =TAN(RADIANS(45+G20/2))^2 -> 3.2545883 | L20: =EXP(PI()*TAN(RADIANS(G20)))*K20 -> 23.176776 | M20: =(L20-1)/TAN(RADIANS(G20)) -> 35.490261 | N20: =(L20-1)*TAN(RADIANS(1.4*G20)) -> 22.022491 | O20: =1+0.2*K20*Entradas!$C$22 -> 1.6509177 | P20: =1+0.1*K20*Entradas!$C$22 -> 1.3254588 | Q20: =1+0.2*SQRT(K20)*Entradas!$C$18/D20 -> 1.2706072 | R20: =1+0.1*SQRT(K20)*Entradas!$C$18/D20 -> 1.1353036 | S20: =F20*M20*O20*Q20+J20*L20*P20*R20+0.5*I20*D20*N20*P20*R20 -> 3697.1278 | T20: =S20/Entradas!$C$27 -> 1232.3759 | U20: =AI20 -> 1021.1781 | V20: =MIN(T20,U20) -> 1021.1781 | W20: =Entradas!G8 -> 19152 | X20: =Entradas!$C$20*W20/(Entradas!$C$21*D20*(1-Entradas!G9^2))+J20 -> 298.37042 | Y20: =MIN(V20,X20) -> 298.37042 | Z20: =IF(X20<V20,"Asentamiento",IF(T20<=U20,"Falla (FSICP)","Falla (FSB directo)")) -> Asentamiento | AA20: =MIN(S20/Entradas!$C$28,AO20) -> 1478.8511 | AB20: =MIN(S20/Entradas!$C$29,AU20) -> 2464.7519 | AD20: =DEGREES(ATAN(TAN(RADIANS(G20))/Entradas!$D$27)) -> 22.615613 | AE20: =TAN(RADIANS(45+AD20/2))^2 -> 2.2496382 | AF20: =EXP(PI()*TAN(RADIANS(AD20)))*AE20 -> 8.3269124 | AG20: =(AF20-1)/TAN(RADIANS(AD20)) -> 17.588266 | AH20: =(AF20-1)*TAN(RADIANS(1.4*AD20)) -> 4.518458 | AI20: =F20/Entradas!$D$27*AG20*(1+0.2*AE20*Entradas!$C$22)*(1+0.2*SQRT(AE20)*Entradas!$C$18/D20)+J20*AF20*(1+0.1*AE20*Entradas!$C$22)*(1+0.1*SQRT(AE20)*Entradas!$C$18/D20)+0.5*I20*D20*AH20*(1+0.1*AE20*Entradas!$C$22)*(1+0.1*SQRT(AE20)*Entradas!$C$18/D20) -> 1021.1781 | AJ20: =DEGREES(ATAN(TAN(RADIANS(G20))/Entradas!$D$28)) -> 26.56026 | AK20: =TAN(RADIANS(45+AJ20/2))^2 -> 2.6175445 | AL20: =EXP(PI()*TAN(RADIANS(AJ20)))*AK20 -> 12.587505 | AM20: =(AL20-1)/TAN(RADIANS(AJ20)) -> 23.179855 | AN20: =(AL20-1)*TAN(RADIANS(1.4*AJ20)) -> 8.790412 | AO20: =F20/Entradas!$D$28*AM20*(1+0.2*AK20*Entradas!$C$22)*(1+0.2*SQRT(AK20)*Entradas!$C$18/D20)+J20*AL20*(1+0.1*AK20*Entradas!$C$22)*(1+0.1*SQRT(AK20)*Entradas!$C$18/D20)+0.5*I20*D20*AN20*(1+0.1*AK20*Entradas!$C$22)*(1+0.1*SQRT(AK20)*Entradas!$C$18/D20) -> 1722.8578 | AP20: =DEGREES(ATAN(TAN(RADIANS(G20))/Entradas!$D$29)) -> 29.599306 | AQ20: =TAN(RADIANS(45+AP20/2))^2 -> 2.9520329 | AR20: =EXP(PI()*TAN(RADIANS(AP20)))*AQ20 -> 17.586239 | AS20: =(AR20-1)/TAN(RADIANS(AP20)) -> 29.197885 | AT20: =(AR20-1)*TAN(RADIANS(1.4*AP20)) -> 14.642829 | AU20: =F20/Entradas!$D$29*AS20*(1+0.2*AQ20*Entradas!$C$22)*(1+0.2*SQRT(AQ20)*Entradas!$C$18/D20)+J20*AR20*(1+0.1*AQ20*Entradas!$C$22)*(1+0.1*SQRT(AQ20)*Entradas!$C$18/D20)+0.5*I20*D20*AT20*(1+0.1*AQ20*Entradas!$C$22)*(1+0.1*SQRT(AQ20)*Entradas!$C$18/D20) -> 2619.365
A21: S1 | B21: Oriental (Ibagué) | C21: Máximo | D21: 3 | E21: NF en la base | F21: =Entradas!G5 -> 29 | G21: =Entradas!G6 -> 32 | H21: =Entradas!G7 -> 18 | I21: =IF(E21="NF en la base",H21-Entradas!$C$19,H21) -> 8.19 | J21: =H21*Entradas!$C$18 -> 27 | K21: =TAN(RADIANS(45+G21/2))^2 -> 3.2545883 | L21: =EXP(PI()*TAN(RADIANS(G21)))*K21 -> 23.176776 | M21: =(L21-1)/TAN(RADIANS(G21)) -> 35.490261 | N21: =(L21-1)*TAN(RADIANS(1.4*G21)) -> 22.022491 | O21: =1+0.2*K21*Entradas!$C$22 -> 1.6509177 | P21: =1+0.1*K21*Entradas!$C$22 -> 1.3254588 | Q21: =1+0.2*SQRT(K21)*Entradas!$C$18/D21 -> 1.1804048 | R21: =1+0.1*SQRT(K21)*Entradas!$C$18/D21 -> 1.0902024 | S21: =F21*M21*O21*Q21+J21*L21*P21*R21+0.5*I21*D21*N21*P21*R21 -> 3300.8867 | T21: =S21/Entradas!$C$27 -> 1100.2956 | U21: =AI21 -> 936.13651 | V21: =MIN(T21,U21) -> 936.13651 | W21: =Entradas!G8 -> 19152 | X21: =Entradas!$C$20*W21/(Entradas!$C$21*D21*(1-Entradas!G9^2))+J21 -> 207.91361 | Y21: =MIN(V21,X21) -> 207.91361 | Z21: =IF(X21<V21,"Asentamiento",IF(T21<=U21,"Falla (FSICP)","Falla (FSB directo)")) -> Asentamiento | AA21: =MIN(S21/Entradas!$C$28,AO21) -> 1320.3547 | AB21: =MIN(S21/Entradas!$C$29,AU21) -> 2200.5911 | AD21: =DEGREES(ATAN(TAN(RADIANS(G21))/Entradas!$D$27)) -> 22.615613 | AE21: =TAN(RADIANS(45+AD21/2))^2 -> 2.2496382 | AF21: =EXP(PI()*TAN(RADIANS(AD21)))*AE21 -> 8.3269124 | AG21: =(AF21-1)/TAN(RADIANS(AD21)) -> 17.588266 | AH21: =(AF21-1)*TAN(RADIANS(1.4*AD21)) -> 4.518458 | AI21: =F21/Entradas!$D$27*AG21*(1+0.2*AE21*Entradas!$C$22)*(1+0.2*SQRT(AE21)*Entradas!$C$18/D21)+J21*AF21*(1+0.1*AE21*Entradas!$C$22)*(1+0.1*SQRT(AE21)*Entradas!$C$18/D21)+0.5*I21*D21*AH21*(1+0.1*AE21*Entradas!$C$22)*(1+0.1*SQRT(AE21)*Entradas!$C$18/D21) -> 936.13651 | AJ21: =DEGREES(ATAN(TAN(RADIANS(G21))/Entradas!$D$28)) -> 26.56026 | AK21: =TAN(RADIANS(45+AJ21/2))^2 -> 2.6175445 | AL21: =EXP(PI()*TAN(RADIANS(AJ21)))*AK21 -> 12.587505 | AM21: =(AL21-1)/TAN(RADIANS(AJ21)) -> 23.179855 | AN21: =(AL21-1)*TAN(RADIANS(1.4*AJ21)) -> 8.790412 | AO21: =F21/Entradas!$D$28*AM21*(1+0.2*AK21*Entradas!$C$22)*(1+0.2*SQRT(AK21)*Entradas!$C$18/D21)+J21*AL21*(1+0.1*AK21*Entradas!$C$22)*(1+0.1*SQRT(AK21)*Entradas!$C$18/D21)+0.5*I21*D21*AN21*(1+0.1*AK21*Entradas!$C$22)*(1+0.1*SQRT(AK21)*Entradas!$C$18/D21) -> 1562.6468 | AP21: =DEGREES(ATAN(TAN(RADIANS(G21))/Entradas!$D$29)) -> 29.599306 | AQ21: =TAN(RADIANS(45+AP21/2))^2 -> 2.9520329 | AR21: =EXP(PI()*TAN(RADIANS(AP21)))*AQ21 -> 17.586239 | AS21: =(AR21-1)/TAN(RADIANS(AP21)) -> 29.197885 | AT21: =(AR21-1)*TAN(RADIANS(1.4*AP21)) -> 14.642829 | AU21: =F21/Entradas!$D$29*AS21*(1+0.2*AQ21*Entradas!$C$22)*(1+0.2*SQRT(AQ21)*Entradas!$C$18/D21)+J21*AR21*(1+0.1*AQ21*Entradas!$C$22)*(1+0.1*SQRT(AQ21)*Entradas!$C$18/D21)+0.5*I21*D21*AT21*(1+0.1*AQ21*Entradas!$C$22)*(1+0.1*SQRT(AQ21)*Entradas!$C$18/D21) -> 2355.4154
A22: S1 | B22: Oriental (Ibagué) | C22: Máximo | D22: 3 | E22: NF profundo | F22: =Entradas!G5 -> 29 | G22: =Entradas!G6 -> 32 | H22: =Entradas!G7 -> 18 | I22: =IF(E22="NF en la base",H22-Entradas!$C$19,H22) -> 18 | J22: =H22*Entradas!$C$18 -> 27 | K22: =TAN(RADIANS(45+G22/2))^2 -> 3.2545883 | L22: =EXP(PI()*TAN(RADIANS(G22)))*K22 -> 23.176776 | M22: =(L22-1)/TAN(RADIANS(G22)) -> 35.490261 | N22: =(L22-1)*TAN(RADIANS(1.4*G22)) -> 22.022491 | O22: =1+0.2*K22*Entradas!$C$22 -> 1.6509177 | P22: =1+0.1*K22*Entradas!$C$22 -> 1.3254588 | Q22: =1+0.2*SQRT(K22)*Entradas!$C$18/D22 -> 1.1804048 | R22: =1+0.1*SQRT(K22)*Entradas!$C$18/D22 -> 1.0902024 | S22: =F22*M22*O22*Q22+J22*L22*P22*R22+0.5*I22*D22*N22*P22*R22 -> 3769.1607 | T22: =S22/Entradas!$C$27 -> 1256.3869 | U22: =AI22 -> 1023.6913 | V22: =MIN(T22,U22) -> 1023.6913 | W22: =Entradas!G8 -> 19152 | X22: =Entradas!$C$20*W22/(Entradas!$C$21*D22*(1-Entradas!G9^2))+J22 -> 207.91361 | Y22: =MIN(V22,X22) -> 207.91361 | Z22: =IF(X22<V22,"Asentamiento",IF(T22<=U22,"Falla (FSICP)","Falla (FSB directo)")) -> Asentamiento | AA22: =MIN(S22/Entradas!$C$28,AO22) -> 1507.6643 | AB22: =MIN(S22/Entradas!$C$29,AU22) -> 2512.7738 | AD22: =DEGREES(ATAN(TAN(RADIANS(G22))/Entradas!$D$27)) -> 22.615613 | AE22: =TAN(RADIANS(45+AD22/2))^2 -> 2.2496382 | AF22: =EXP(PI()*TAN(RADIANS(AD22)))*AE22 -> 8.3269124 | AG22: =(AF22-1)/TAN(RADIANS(AD22)) -> 17.588266 | AH22: =(AF22-1)*TAN(RADIANS(1.4*AD22)) -> 4.518458 | AI22: =F22/Entradas!$D$27*AG22*(1+0.2*AE22*Entradas!$C$22)*(1+0.2*SQRT(AE22)*Entradas!$C$18/D22)+J22*AF22*(1+0.1*AE22*Entradas!$C$22)*(1+0.1*SQRT(AE22)*Entradas!$C$18/D22)+0.5*I22*D22*AH22*(1+0.1*AE22*Entradas!$C$22)*(1+0.1*SQRT(AE22)*Entradas!$C$18/D22) -> 1023.6913 | AJ22: =DEGREES(ATAN(TAN(RADIANS(G22))/Entradas!$D$28)) -> 26.56026 | AK22: =TAN(RADIANS(45+AJ22/2))^2 -> 2.6175445 | AL22: =EXP(PI()*TAN(RADIANS(AJ22)))*AK22 -> 12.587505 | AM22: =(AL22-1)/TAN(RADIANS(AJ22)) -> 23.179855 | AN22: =(AL22-1)*TAN(RADIANS(1.4*AJ22)) -> 8.790412 | AO22: =F22/Entradas!$D$28*AM22*(1+0.2*AK22*Entradas!$C$22)*(1+0.2*SQRT(AK22)*Entradas!$C$18/D22)+J22*AL22*(1+0.1*AK22*Entradas!$C$22)*(1+0.1*SQRT(AK22)*Entradas!$C$18/D22)+0.5*I22*D22*AN22*(1+0.1*AK22*Entradas!$C$22)*(1+0.1*SQRT(AK22)*Entradas!$C$18/D22) -> 1739.0585 | AP22: =DEGREES(ATAN(TAN(RADIANS(G22))/Entradas!$D$29)) -> 29.599306 | AQ22: =TAN(RADIANS(45+AP22/2))^2 -> 2.9520329 | AR22: =EXP(PI()*TAN(RADIANS(AP22)))*AQ22 -> 17.586239 | AS22: =(AR22-1)/TAN(RADIANS(AP22)) -> 29.197885 | AT22: =(AR22-1)*TAN(RADIANS(1.4*AP22)) -> 14.642829 | AU22: =F22/Entradas!$D$29*AS22*(1+0.2*AQ22*Entradas!$C$22)*(1+0.2*SQRT(AQ22)*Entradas!$C$18/D22)+J22*AR22*(1+0.1*AQ22*Entradas!$C$22)*(1+0.1*SQRT(AQ22)*Entradas!$C$18/D22)+0.5*I22*D22*AT22*(1+0.1*AQ22*Entradas!$C$22)*(1+0.1*SQRT(AQ22)*Entradas!$C$18/D22) -> 2658.4666
A23: S2 | B23: Occidental (Calarcá) | C23: Mínimo | D23: 1.5 | E23: NF en la base | F23: =Entradas!E10 -> 15 | G23: =Entradas!E11 -> 23 | H23: =Entradas!E12 -> 11.9 | I23: =IF(E23="NF en la base",H23-Entradas!$C$19,H23) -> 2.09 | J23: =H23*Entradas!$C$18 -> 17.85 | K23: =TAN(RADIANS(45+G23/2))^2 -> 2.282623 | L23: =EXP(PI()*TAN(RADIANS(G23)))*K23 -> 8.6611904 | M23: =(L23-1)/TAN(RADIANS(G23)) -> 18.048634 | N23: =(L23-1)*TAN(RADIANS(1.4*G23)) -> 4.8245091 | O23: =1+0.2*K23*Entradas!$C$22 -> 1.4565246 | P23: =1+0.1*K23*Entradas!$C$22 -> 1.2282623 | Q23: =1+0.2*SQRT(K23)*Entradas!$C$18/D23 -> 1.302167 | R23: =1+0.1*SQRT(K23)*Entradas!$C$18/D23 -> 1.1510835 | S23: =F23*M23*O23*Q23+J23*L23*P23*R23+0.5*I23*D23*N23*P23*R23 -> 742.74963 | T23: =S23/Entradas!$C$27 -> 247.58321 | U23: =AI23 -> 299.94183 | V23: =MIN(T23,U23) -> 247.58321 | W23: =Entradas!E13 -> 2394 | X23: =Entradas!$C$20*W23/(Entradas!$C$21*D23*(1-Entradas!E14^2))+J23 -> 68.386715 | Y23: =MIN(V23,X23) -> 68.386715 | Z23: =IF(X23<V23,"Asentamiento",IF(T23<=U23,"Falla (FSICP)","Falla (FSB directo)")) -> Asentamiento | AA23: =MIN(S23/Entradas!$C$28,AO23) -> 297.09985 | AB23: =MIN(S23/Entradas!$C$29,AU23) -> 495.16642 | AD23: =DEGREES(ATAN(TAN(RADIANS(G23))/Entradas!$D$27)) -> 15.800622 | AE23: =TAN(RADIANS(45+AD23/2))^2 -> 1.7483502 | AF23: =EXP(PI()*TAN(RADIANS(AD23)))*AE23 -> 4.2532805 | AG23: =(AF23-1)/TAN(RADIANS(AD23)) -> 11.496373 | AH23: =(AF23-1)*TAN(RADIANS(1.4*AD23)) -> 1.3224009 | AI23: =F23/Entradas!$D$27*AG23*(1+0.2*AE23*Entradas!$C$22)*(1+0.2*SQRT(AE23)*Entradas!$C$18/D23)+J23*AF23*(1+0.1*AE23*Entradas!$C$22)*(1+0.1*SQRT(AE23)*Entradas!$C$18/D23)+0.5*I23*D23*AH23*(1+0.1*AE23*Entradas!$C$22)*(1+0.1*SQRT(AE23)*Entradas!$C$18/D23) -> 299.94183 | AJ23: =DEGREES(ATAN(TAN(RADIANS(G23))/Entradas!$D$28)) -> 18.756452 | AK23: =TAN(RADIANS(45+AJ23/2))^2 -> 1.947879 | AL23: =EXP(PI()*TAN(RADIANS(AJ23)))*AK23 -> 5.6607855 | AM23: =(AL23-1)/TAN(RADIANS(AJ23)) -> 13.725153 | AN23: =(AL23-1)*TAN(RADIANS(1.4*AJ23)) -> 2.2993586 | AO23: =F23/Entradas!$D$28*AM23*(1+0.2*AK23*Entradas!$C$22)*(1+0.2*SQRT(AK23)*Entradas!$C$18/D23)+J23*AL23*(1+0.1*AK23*Entradas!$C$22)*(1+0.1*SQRT(AK23)*Entradas!$C$18/D23)+0.5*I23*D23*AN23*(1+0.1*AK23*Entradas!$C$22)*(1+0.1*SQRT(AK23)*Entradas!$C$18/D23) -> 435.2338 | AP23: =DEGREES(ATAN(TAN(RADIANS(G23))/Entradas!$D$29)) -> 21.100913 | AQ23: =TAN(RADIANS(45+AP23/2))^2 -> 2.125057 | AR23: =EXP(PI()*TAN(RADIANS(AP23)))*AQ23 -> 7.1427358 | AS23: =(AR23-1)/TAN(RADIANS(AP23)) -> 15.918517 | AT23: =(AR23-1)*TAN(RADIANS(1.4*AP23)) -> 3.4812372 | AU23: =F23/Entradas!$D$29*AS23*(1+0.2*AQ23*Entradas!$C$22)*(1+0.2*SQRT(AQ23)*Entradas!$C$18/D23)+J23*AR23*(1+0.1*AQ23*Entradas!$C$22)*(1+0.1*SQRT(AQ23)*Entradas!$C$18/D23)+0.5*I23*D23*AT23*(1+0.1*AQ23*Entradas!$C$22)*(1+0.1*SQRT(AQ23)*Entradas!$C$18/D23) -> 584.22186
A24: S2 | B24: Occidental (Calarcá) | C24: Mínimo | D24: 1.5 | E24: NF profundo | F24: =Entradas!E10 -> 15 | G24: =Entradas!E11 -> 23 | H24: =Entradas!E12 -> 11.9 | I24: =IF(E24="NF en la base",H24-Entradas!$C$19,H24) -> 11.9 | J24: =H24*Entradas!$C$18 -> 17.85 | K24: =TAN(RADIANS(45+G24/2))^2 -> 2.282623 | L24: =EXP(PI()*TAN(RADIANS(G24)))*K24 -> 8.6611904 | M24: =(L24-1)/TAN(RADIANS(G24)) -> 18.048634 | N24: =(L24-1)*TAN(RADIANS(1.4*G24)) -> 4.8245091 | O24: =1+0.2*K24*Entradas!$C$22 -> 1.4565246 | P24: =1+0.1*K24*Entradas!$C$22 -> 1.2282623 | Q24: =1+0.2*SQRT(K24)*Entradas!$C$18/D24 -> 1.302167 | R24: =1+0.1*SQRT(K24)*Entradas!$C$18/D24 -> 1.1510835 | S24: =F24*M24*O24*Q24+J24*L24*P24*R24+0.5*I24*D24*N24*P24*R24 -> 792.93549 | T24: =S24/Entradas!$C$27 -> 264.31183 | U24: =AI24 -> 312.88388 | V24: =MIN(T24,U24) -> 264.31183 | W24: =Entradas!E13 -> 2394 | X24: =Entradas!$C$20*W24/(Entradas!$C$21*D24*(1-Entradas!E14^2))+J24 -> 68.386715 | Y24: =MIN(V24,X24) -> 68.386715 | Z24: =IF(X24<V24,"Asentamiento",IF(T24<=U24,"Falla (FSICP)","Falla (FSB directo)")) -> Asentamiento | AA24: =MIN(S24/Entradas!$C$28,AO24) -> 317.17419 | AB24: =MIN(S24/Entradas!$C$29,AU24) -> 528.62366 | AD24: =DEGREES(ATAN(TAN(RADIANS(G24))/Entradas!$D$27)) -> 15.800622 | AE24: =TAN(RADIANS(45+AD24/2))^2 -> 1.7483502 | AF24: =EXP(PI()*TAN(RADIANS(AD24)))*AE24 -> 4.2532805 | AG24: =(AF24-1)/TAN(RADIANS(AD24)) -> 11.496373 | AH24: =(AF24-1)*TAN(RADIANS(1.4*AD24)) -> 1.3224009 | AI24: =F24/Entradas!$D$27*AG24*(1+0.2*AE24*Entradas!$C$22)*(1+0.2*SQRT(AE24)*Entradas!$C$18/D24)+J24*AF24*(1+0.1*AE24*Entradas!$C$22)*(1+0.1*SQRT(AE24)*Entradas!$C$18/D24)+0.5*I24*D24*AH24*(1+0.1*AE24*Entradas!$C$22)*(1+0.1*SQRT(AE24)*Entradas!$C$18/D24) -> 312.88388 | AJ24: =DEGREES(ATAN(TAN(RADIANS(G24))/Entradas!$D$28)) -> 18.756452 | AK24: =TAN(RADIANS(45+AJ24/2))^2 -> 1.947879 | AL24: =EXP(PI()*TAN(RADIANS(AJ24)))*AK24 -> 5.6607855 | AM24: =(AL24-1)/TAN(RADIANS(AJ24)) -> 13.725153 | AN24: =(AL24-1)*TAN(RADIANS(1.4*AJ24)) -> 2.2993586 | AO24: =F24/Entradas!$D$28*AM24*(1+0.2*AK24*Entradas!$C$22)*(1+0.2*SQRT(AK24)*Entradas!$C$18/D24)+J24*AL24*(1+0.1*AK24*Entradas!$C$22)*(1+0.1*SQRT(AK24)*Entradas!$C$18/D24)+0.5*I24*D24*AN24*(1+0.1*AK24*Entradas!$C$22)*(1+0.1*SQRT(AK24)*Entradas!$C$18/D24) -> 458.2677 | AP24: =DEGREES(ATAN(TAN(RADIANS(G24))/Entradas!$D$29)) -> 21.100913 | AQ24: =TAN(RADIANS(45+AP24/2))^2 -> 2.125057 | AR24: =EXP(PI()*TAN(RADIANS(AP24)))*AQ24 -> 7.1427358 | AS24: =(AR24-1)/TAN(RADIANS(AP24)) -> 15.918517 | AT24: =(AR24-1)*TAN(RADIANS(1.4*AP24)) -> 3.4812372 | AU24: =F24/Entradas!$D$29*AS24*(1+0.2*AQ24*Entradas!$C$22)*(1+0.2*SQRT(AQ24)*Entradas!$C$18/D24)+J24*AR24*(1+0.1*AQ24*Entradas!$C$22)*(1+0.1*SQRT(AQ24)*Entradas!$C$18/D24)+0.5*I24*D24*AT24*(1+0.1*AQ24*Entradas!$C$22)*(1+0.1*SQRT(AQ24)*Entradas!$C$18/D24) -> 619.80525
A25: S2 | B25: Occidental (Calarcá) | C25: Mínimo | D25: 2 | E25: NF en la base | F25: =Entradas!E10 -> 15 | G25: =Entradas!E11 -> 23 | H25: =Entradas!E12 -> 11.9 | I25: =IF(E25="NF en la base",H25-Entradas!$C$19,H25) -> 2.09 | J25: =H25*Entradas!$C$18 -> 17.85 | K25: =TAN(RADIANS(45+G25/2))^2 -> 2.282623 | L25: =EXP(PI()*TAN(RADIANS(G25)))*K25 -> 8.6611904 | M25: =(L25-1)/TAN(RADIANS(G25)) -> 18.048634 | N25: =(L25-1)*TAN(RADIANS(1.4*G25)) -> 4.8245091 | O25: =1+0.2*K25*Entradas!$C$22 -> 1.4565246 | P25: =1+0.1*K25*Entradas!$C$22 -> 1.2282623 | Q25: =1+0.2*SQRT(K25)*Entradas!$C$18/D25 -> 1.2266253 | R25: =1+0.1*SQRT(K25)*Entradas!$C$18/D25 -> 1.1133126 | S25: =F25*M25*O25*Q25+J25*L25*P25*R25+0.5*I25*D25*N25*P25*R25 -> 708.8855 | T25: =S25/Entradas!$C$27 -> 236.29517 | U25: =AI25 -> 287.5469 | V25: =MIN(T25,U25) -> 236.29517 | W25: =Entradas!E13 -> 2394 | X25: =Entradas!$C$20*W25/(Entradas!$C$21*D25*(1-Entradas!E14^2))+J25 -> 55.752536 | Y25: =MIN(V25,X25) -> 55.752536 | Z25: =IF(X25<V25,"Asentamiento",IF(T25<=U25,"Falla (FSICP)","Falla (FSB directo)")) -> Asentamiento | AA25: =MIN(S25/Entradas!$C$28,AO25) -> 283.5542 | AB25: =MIN(S25/Entradas!$C$29,AU25) -> 472.59034 | AD25: =DEGREES(ATAN(TAN(RADIANS(G25))/Entradas!$D$27)) -> 15.800622 | AE25: =TAN(RADIANS(45+AD25/2))^2 -> 1.7483502 | AF25: =EXP(PI()*TAN(RADIANS(AD25)))*AE25 -> 4.2532805 | AG25: =(AF25-1)/TAN(RADIANS(AD25)) -> 11.496373 | AH25: =(AF25-1)*TAN(RADIANS(1.4*AD25)) -> 1.3224009 | AI25: =F25/Entradas!$D$27*AG25*(1+0.2*AE25*Entradas!$C$22)*(1+0.2*SQRT(AE25)*Entradas!$C$18/D25)+J25*AF25*(1+0.1*AE25*Entradas!$C$22)*(1+0.1*SQRT(AE25)*Entradas!$C$18/D25)+0.5*I25*D25*AH25*(1+0.1*AE25*Entradas!$C$22)*(1+0.1*SQRT(AE25)*Entradas!$C$18/D25) -> 287.5469 | AJ25: =DEGREES(ATAN(TAN(RADIANS(G25))/Entradas!$D$28)) -> 18.756452 | AK25: =TAN(RADIANS(45+AJ25/2))^2 -> 1.947879 | AL25: =EXP(PI()*TAN(RADIANS(AJ25)))*AK25 -> 5.6607855 | AM25: =(AL25-1)/TAN(RADIANS(AJ25)) -> 13.725153 | AN25: =(AL25-1)*TAN(RADIANS(1.4*AJ25)) -> 2.2993586 | AO25: =F25/Entradas!$D$28*AM25*(1+0.2*AK25*Entradas!$C$22)*(1+0.2*SQRT(AK25)*Entradas!$C$18/D25)+J25*AL25*(1+0.1*AK25*Entradas!$C$22)*(1+0.1*SQRT(AK25)*Entradas!$C$18/D25)+0.5*I25*D25*AN25*(1+0.1*AK25*Entradas!$C$22)*(1+0.1*SQRT(AK25)*Entradas!$C$18/D25) -> 416.48588 | AP25: =DEGREES(ATAN(TAN(RADIANS(G25))/Entradas!$D$29)) -> 21.100913 | AQ25: =TAN(RADIANS(45+AP25/2))^2 -> 2.125057 | AR25: =EXP(PI()*TAN(RADIANS(AP25)))*AQ25 -> 7.1427358 | AS25: =(AR25-1)/TAN(RADIANS(AP25)) -> 15.918517 | AT25: =(AR25-1)*TAN(RADIANS(1.4*AP25)) -> 3.4812372 | AU25: =F25/Entradas!$D$29*AS25*(1+0.2*AQ25*Entradas!$C$22)*(1+0.2*SQRT(AQ25)*Entradas!$C$18/D25)+J25*AR25*(1+0.1*AQ25*Entradas!$C$22)*(1+0.1*SQRT(AQ25)*Entradas!$C$18/D25)+0.5*I25*D25*AT25*(1+0.1*AQ25*Entradas!$C$22)*(1+0.1*SQRT(AQ25)*Entradas!$C$18/D25) -> 558.24713
A26: S2 | B26: Occidental (Calarcá) | C26: Mínimo | D26: 2 | E26: NF profundo | F26: =Entradas!E10 -> 15 | G26: =Entradas!E11 -> 23 | H26: =Entradas!E12 -> 11.9 | I26: =IF(E26="NF en la base",H26-Entradas!$C$19,H26) -> 11.9 | J26: =H26*Entradas!$C$18 -> 17.85 | K26: =TAN(RADIANS(45+G26/2))^2 -> 2.282623 | L26: =EXP(PI()*TAN(RADIANS(G26)))*K26 -> 8.6611904 | M26: =(L26-1)/TAN(RADIANS(G26)) -> 18.048634 | N26: =(L26-1)*TAN(RADIANS(1.4*G26)) -> 4.8245091 | O26: =1+0.2*K26*Entradas!$C$22 -> 1.4565246 | P26: =1+0.1*K26*Entradas!$C$22 -> 1.2282623 | Q26: =1+0.2*SQRT(K26)*Entradas!$C$18/D26 -> 1.2266253 | R26: =1+0.1*SQRT(K26)*Entradas!$C$18/D26 -> 1.1133126 | S26: =F26*M26*O26*Q26+J26*L26*P26*R26+0.5*I26*D26*N26*P26*R26 -> 773.60429 | T26: =S26/Entradas!$C$27 -> 257.8681 | U26: =AI26 -> 304.29916 | V26: =MIN(T26,U26) -> 257.8681 | W26: =Entradas!E13 -> 2394 | X26: =Entradas!$C$20*W26/(Entradas!$C$21*D26*(1-Entradas!E14^2))+J26 -> 55.752536 | Y26: =MIN(V26,X26) -> 55.752536 | Z26: =IF(X26<V26,"Asentamiento",IF(T26<=U26,"Falla (FSICP)","Falla (FSB directo)")) -> Asentamiento | AA26: =MIN(S26/Entradas!$C$28,AO26) -> 309.44172 | AB26: =MIN(S26/Entradas!$C$29,AU26) -> 515.7362 | AD26: =DEGREES(ATAN(TAN(RADIANS(G26))/Entradas!$D$27)) -> 15.800622 | AE26: =TAN(RADIANS(45+AD26/2))^2 -> 1.7483502 | AF26: =EXP(PI()*TAN(RADIANS(AD26)))*AE26 -> 4.2532805 | AG26: =(AF26-1)/TAN(RADIANS(AD26)) -> 11.496373 | AH26: =(AF26-1)*TAN(RADIANS(1.4*AD26)) -> 1.3224009 | AI26: =F26/Entradas!$D$27*AG26*(1+0.2*AE26*Entradas!$C$22)*(1+0.2*SQRT(AE26)*Entradas!$C$18/D26)+J26*AF26*(1+0.1*AE26*Entradas!$C$22)*(1+0.1*SQRT(AE26)*Entradas!$C$18/D26)+0.5*I26*D26*AH26*(1+0.1*AE26*Entradas!$C$22)*(1+0.1*SQRT(AE26)*Entradas!$C$18/D26) -> 304.29916 | AJ26: =DEGREES(ATAN(TAN(RADIANS(G26))/Entradas!$D$28)) -> 18.756452 | AK26: =TAN(RADIANS(45+AJ26/2))^2 -> 1.947879 | AL26: =EXP(PI()*TAN(RADIANS(AJ26)))*AK26 -> 5.6607855 | AM26: =(AL26-1)/TAN(RADIANS(AJ26)) -> 13.725153 | AN26: =(AL26-1)*TAN(RADIANS(1.4*AJ26)) -> 2.2993586 | AO26: =F26/Entradas!$D$28*AM26*(1+0.2*AK26*Entradas!$C$22)*(1+0.2*SQRT(AK26)*Entradas!$C$18/D26)+J26*AL26*(1+0.1*AK26*Entradas!$C$22)*(1+0.1*SQRT(AK26)*Entradas!$C$18/D26)+0.5*I26*D26*AN26*(1+0.1*AK26*Entradas!$C$22)*(1+0.1*SQRT(AK26)*Entradas!$C$18/D26) -> 446.2574 | AP26: =DEGREES(ATAN(TAN(RADIANS(G26))/Entradas!$D$29)) -> 21.100913 | AQ26: =TAN(RADIANS(45+AP26/2))^2 -> 2.125057 | AR26: =EXP(PI()*TAN(RADIANS(AP26)))*AQ26 -> 7.1427358 | AS26: =(AR26-1)/TAN(RADIANS(AP26)) -> 15.918517 | AT26: =(AR26-1)*TAN(RADIANS(1.4*AP26)) -> 3.4812372 | AU26: =F26/Entradas!$D$29*AS26*(1+0.2*AQ26*Entradas!$C$22)*(1+0.2*SQRT(AQ26)*Entradas!$C$18/D26)+J26*AR26*(1+0.1*AQ26*Entradas!$C$22)*(1+0.1*SQRT(AQ26)*Entradas!$C$18/D26)+0.5*I26*D26*AT26*(1+0.1*AQ26*Entradas!$C$22)*(1+0.1*SQRT(AQ26)*Entradas!$C$18/D26) -> 604.18257
A27: S2 | B27: Occidental (Calarcá) | C27: Mínimo | D27: 3 | E27: NF en la base | F27: =Entradas!E10 -> 15 | G27: =Entradas!E11 -> 23 | H27: =Entradas!E12 -> 11.9 | I27: =IF(E27="NF en la base",H27-Entradas!$C$19,H27) -> 2.09 | J27: =H27*Entradas!$C$18 -> 17.85 | K27: =TAN(RADIANS(45+G27/2))^2 -> 2.282623 | L27: =EXP(PI()*TAN(RADIANS(G27)))*K27 -> 8.6611904 | M27: =(L27-1)/TAN(RADIANS(G27)) -> 18.048634 | N27: =(L27-1)*TAN(RADIANS(1.4*G27)) -> 4.8245091 | O27: =1+0.2*K27*Entradas!$C$22 -> 1.4565246 | P27: =1+0.1*K27*Entradas!$C$22 -> 1.2282623 | Q27: =1+0.2*SQRT(K27)*Entradas!$C$18/D27 -> 1.1510835 | R27: =1+0.1*SQRT(K27)*Entradas!$C$18/D27 -> 1.0755418 | S27: =F27*M27*O27*Q27+J27*L27*P27*R27+0.5*I27*D27*N27*P27*R27 -> 678.11759 | T27: =S27/Entradas!$C$27 -> 226.0392 | U27: =AI27 -> 275.96373 | V27: =MIN(T27,U27) -> 226.0392 | W27: =Entradas!E13 -> 2394 | X27: =Entradas!$C$20*W27/(Entradas!$C$21*D27*(1-Entradas!E14^2))+J27 -> 43.118358 | Y27: =MIN(V27,X27) -> 43.118358 | Z27: =IF(X27<V27,"Asentamiento",IF(T27<=U27,"Falla (FSICP)","Falla (FSB directo)")) -> Asentamiento | AA27: =MIN(S27/Entradas!$C$28,AO27) -> 271.24704 | AB27: =MIN(S27/Entradas!$C$29,AU27) -> 452.07839 | AD27: =DEGREES(ATAN(TAN(RADIANS(G27))/Entradas!$D$27)) -> 15.800622 | AE27: =TAN(RADIANS(45+AD27/2))^2 -> 1.7483502 | AF27: =EXP(PI()*TAN(RADIANS(AD27)))*AE27 -> 4.2532805 | AG27: =(AF27-1)/TAN(RADIANS(AD27)) -> 11.496373 | AH27: =(AF27-1)*TAN(RADIANS(1.4*AD27)) -> 1.3224009 | AI27: =F27/Entradas!$D$27*AG27*(1+0.2*AE27*Entradas!$C$22)*(1+0.2*SQRT(AE27)*Entradas!$C$18/D27)+J27*AF27*(1+0.1*AE27*Entradas!$C$22)*(1+0.1*SQRT(AE27)*Entradas!$C$18/D27)+0.5*I27*D27*AH27*(1+0.1*AE27*Entradas!$C$22)*(1+0.1*SQRT(AE27)*Entradas!$C$18/D27) -> 275.96373 | AJ27: =DEGREES(ATAN(TAN(RADIANS(G27))/Entradas!$D$28)) -> 18.756452 | AK27: =TAN(RADIANS(45+AJ27/2))^2 -> 1.947879 | AL27: =EXP(PI()*TAN(RADIANS(AJ27)))*AK27 -> 5.6607855 | AM27: =(AL27-1)/TAN(RADIANS(AJ27)) -> 13.725153 | AN27: =(AL27-1)*TAN(RADIANS(1.4*AJ27)) -> 2.2993586 | AO27: =F27/Entradas!$D$28*AM27*(1+0.2*AK27*Entradas!$C$22)*(1+0.2*SQRT(AK27)*Entradas!$C$18/D27)+J27*AL27*(1+0.1*AK27*Entradas!$C$22)*(1+0.1*SQRT(AK27)*Entradas!$C$18/D27)+0.5*I27*D27*AN27*(1+0.1*AK27*Entradas!$C$22)*(1+0.1*SQRT(AK27)*Entradas!$C$18/D27) -> 399.1734 | AP27: =DEGREES(ATAN(TAN(RADIANS(G27))/Entradas!$D$29)) -> 21.100913 | AQ27: =TAN(RADIANS(45+AP27/2))^2 -> 2.125057 | AR27: =EXP(PI()*TAN(RADIANS(AP27)))*AQ27 -> 7.1427358 | AS27: =(AR27-1)/TAN(RADIANS(AP27)) -> 15.918517 | AT27: =(AR27-1)*TAN(RADIANS(1.4*AP27)) -> 3.4812372 | AU27: =F27/Entradas!$D$29*AS27*(1+0.2*AQ27*Entradas!$C$22)*(1+0.2*SQRT(AQ27)*Entradas!$C$18/D27)+J27*AR27*(1+0.1*AQ27*Entradas!$C$22)*(1+0.1*SQRT(AQ27)*Entradas!$C$18/D27)+0.5*I27*D27*AT27*(1+0.1*AQ27*Entradas!$C$22)*(1+0.1*SQRT(AQ27)*Entradas!$C$18/D27) -> 534.47789
A28: S2 | B28: Occidental (Calarcá) | C28: Mínimo | D28: 3 | E28: NF profundo | F28: =Entradas!E10 -> 15 | G28: =Entradas!E11 -> 23 | H28: =Entradas!E12 -> 11.9 | I28: =IF(E28="NF en la base",H28-Entradas!$C$19,H28) -> 11.9 | J28: =H28*Entradas!$C$18 -> 17.85 | K28: =TAN(RADIANS(45+G28/2))^2 -> 2.282623 | L28: =EXP(PI()*TAN(RADIANS(G28)))*K28 -> 8.6611904 | M28: =(L28-1)/TAN(RADIANS(G28)) -> 18.048634 | N28: =(L28-1)*TAN(RADIANS(1.4*G28)) -> 4.8245091 | O28: =1+0.2*K28*Entradas!$C$22 -> 1.4565246 | P28: =1+0.1*K28*Entradas!$C$22 -> 1.2282623 | Q28: =1+0.2*SQRT(K28)*Entradas!$C$18/D28 -> 1.1510835 | R28: =1+0.1*SQRT(K28)*Entradas!$C$18/D28 -> 1.0755418 | S28: =F28*M28*O28*Q28+J28*L28*P28*R28+0.5*I28*D28*N28*P28*R28 -> 771.90225 | T28: =S28/Entradas!$C$27 -> 257.30075 | U28: =AI28 -> 300.33642 | V28: =MIN(T28,U28) -> 257.30075 | W28: =Entradas!E13 -> 2394 | X28: =Entradas!$C$20*W28/(Entradas!$C$21*D28*(1-Entradas!E14^2))+J28 -> 43.118358 | Y28: =MIN(V28,X28) -> 43.118358 | Z28: =IF(X28<V28,"Asentamiento",IF(T28<=U28,"Falla (FSICP)","Falla (FSB directo)")) -> Asentamiento | AA28: =MIN(S28/Entradas!$C$28,AO28) -> 308.7609 | AB28: =MIN(S28/Entradas!$C$29,AU28) -> 514.6015 | AD28: =DEGREES(ATAN(TAN(RADIANS(G28))/Entradas!$D$27)) -> 15.800622 | AE28: =TAN(RADIANS(45+AD28/2))^2 -> 1.7483502 | AF28: =EXP(PI()*TAN(RADIANS(AD28)))*AE28 -> 4.2532805 | AG28: =(AF28-1)/TAN(RADIANS(AD28)) -> 11.496373 | AH28: =(AF28-1)*TAN(RADIANS(1.4*AD28)) -> 1.3224009 | AI28: =F28/Entradas!$D$27*AG28*(1+0.2*AE28*Entradas!$C$22)*(1+0.2*SQRT(AE28)*Entradas!$C$18/D28)+J28*AF28*(1+0.1*AE28*Entradas!$C$22)*(1+0.1*SQRT(AE28)*Entradas!$C$18/D28)+0.5*I28*D28*AH28*(1+0.1*AE28*Entradas!$C$22)*(1+0.1*SQRT(AE28)*Entradas!$C$18/D28) -> 300.33642 | AJ28: =DEGREES(ATAN(TAN(RADIANS(G28))/Entradas!$D$28)) -> 18.756452 | AK28: =TAN(RADIANS(45+AJ28/2))^2 -> 1.947879 | AL28: =EXP(PI()*TAN(RADIANS(AJ28)))*AK28 -> 5.6607855 | AM28: =(AL28-1)/TAN(RADIANS(AJ28)) -> 13.725153 | AN28: =(AL28-1)*TAN(RADIANS(1.4*AJ28)) -> 2.2993586 | AO28: =F28/Entradas!$D$28*AM28*(1+0.2*AK28*Entradas!$C$22)*(1+0.2*SQRT(AK28)*Entradas!$C$18/D28)+J28*AL28*(1+0.1*AK28*Entradas!$C$22)*(1+0.1*SQRT(AK28)*Entradas!$C$18/D28)+0.5*I28*D28*AN28*(1+0.1*AK28*Entradas!$C$22)*(1+0.1*SQRT(AK28)*Entradas!$C$18/D28) -> 442.42016 | AP28: =DEGREES(ATAN(TAN(RADIANS(G28))/Entradas!$D$29)) -> 21.100913 | AQ28: =TAN(RADIANS(45+AP28/2))^2 -> 2.125057 | AR28: =EXP(PI()*TAN(RADIANS(AP28)))*AQ28 -> 7.1427358 | AS28: =(AR28-1)/TAN(RADIANS(AP28)) -> 15.918517 | AT28: =(AR28-1)*TAN(RADIANS(1.4*AP28)) -> 3.4812372 | AU28: =F28/Entradas!$D$29*AS28*(1+0.2*AQ28*Entradas!$C$22)*(1+0.2*SQRT(AQ28)*Entradas!$C$18/D28)+J28*AR28*(1+0.1*AQ28*Entradas!$C$22)*(1+0.1*SQRT(AQ28)*Entradas!$C$18/D28)+0.5*I28*D28*AT28*(1+0.1*AQ28*Entradas!$C$22)*(1+0.1*SQRT(AQ28)*Entradas!$C$18/D28) -> 601.11743
A29: S2 | B29: Occidental (Calarcá) | C29: Típico | D29: 1.5 | E29: NF en la base | F29: =Entradas!F10 -> 25 | G29: =Entradas!F11 -> 28 | H29: =Entradas!F12 -> 13.5 | I29: =IF(E29="NF en la base",H29-Entradas!$C$19,H29) -> 3.69 | J29: =H29*Entradas!$C$18 -> 20.25 | K29: =TAN(RADIANS(45+G29/2))^2 -> 2.7698262 | L29: =EXP(PI()*TAN(RADIANS(G29)))*K29 -> 14.719881 | M29: =(L29-1)/TAN(RADIANS(G29)) -> 25.803343 | N29: =(L29-1)*TAN(RADIANS(1.4*G29)) -> 11.189662 | O29: =1+0.2*K29*Entradas!$C$22 -> 1.5539652 | P29: =1+0.1*K29*Entradas!$C$22 -> 1.2769826 | Q29: =1+0.2*SQRT(K29)*Entradas!$C$18/D29 -> 1.3328559 | R29: =1+0.1*SQRT(K29)*Entradas!$C$18/D29 -> 1.1664279 | S29: =F29*M29*O29*Q29+J29*L29*P29*R29+0.5*I29*D29*N29*P29*R29 -> 1826.2199 | T29: =S29/Entradas!$C$27 -> 608.73995 | U29: =AI29 -> 610.3521 | V29: =MIN(T29,U29) -> 608.73995 | W29: =Entradas!F13 -> 8379 | X29: =Entradas!$C$20*W29/(Entradas!$C$21*D29*(1-Entradas!F14^2))+J29 -> 197.1285 | Y29: =MIN(V29,X29) -> 197.1285 | Z29: =IF(X29<V29,"Asentamiento",IF(T29<=U29,"Falla (FSICP)","Falla (FSB directo)")) -> Asentamiento | AA29: =MIN(S29/Entradas!$C$28,AO29) -> 730.48794 | AB29: =MIN(S29/Entradas!$C$29,AU29) -> 1217.4799 | AD29: =DEGREES(ATAN(TAN(RADIANS(G29))/Entradas!$D$27)) -> 19.51804 | AE29: =TAN(RADIANS(45+AD29/2))^2 -> 2.0034704 | AF29: =EXP(PI()*TAN(RADIANS(AD29)))*AE29 -> 6.1012307 | AG29: =(AF29-1)/TAN(RADIANS(AD29)) -> 14.391029 | AH29: =(AF29-1)*TAN(RADIANS(1.4*AD29)) -> 2.6357898 | AI29: =F29/Entradas!$D$27*AG29*(1+0.2*AE29*Entradas!$C$22)*(1+0.2*SQRT(AE29)*Entradas!$C$18/D29)+J29*AF29*(1+0.1*AE29*Entradas!$C$22)*(1+0.1*SQRT(AE29)*Entradas!$C$18/D29)+0.5*I29*D29*AH29*(1+0.1*AE29*Entradas!$C$22)*(1+0.1*SQRT(AE29)*Entradas!$C$18/D29) -> 610.3521 | AJ29: =DEGREES(ATAN(TAN(RADIANS(G29))/Entradas!$D$28)) -> 23.043327 | AK29: =TAN(RADIANS(45+AJ29/2))^2 -> 2.286377 | AL29: =EXP(PI()*TAN(RADIANS(AJ29)))*AK29 -> 8.6997999 | AM29: =(AL29-1)/TAN(RADIANS(AJ29)) -> 18.101522 | AN29: =(AL29-1)*TAN(RADIANS(1.4*AJ29)) -> 4.8602145 | AO29: =F29/Entradas!$D$28*AM29*(1+0.2*AK29*Entradas!$C$22)*(1+0.2*SQRT(AK29)*Entradas!$C$18/D29)+J29*AL29*(1+0.1*AK29*Entradas!$C$22)*(1+0.1*SQRT(AK29)*Entradas!$C$18/D29)+0.5*I29*D29*AN29*(1+0.1*AK29*Entradas!$C$22)*(1+0.1*SQRT(AK29)*Entradas!$C$18/D29) -> 955.32982 | AP29: =DEGREES(ATAN(TAN(RADIANS(G29))/Entradas!$D$29)) -> 25.797832 | AQ29: =TAN(RADIANS(45+AP29/2))^2 -> 2.5410579 | AR29: =EXP(PI()*TAN(RADIANS(AP29)))*AQ29 -> 11.601554 | AS29: =(AR29-1)/TAN(RADIANS(AP29)) -> 21.932486 | AT29: =(AR29-1)*TAN(RADIANS(1.4*AP29)) -> 7.7355956 | AU29: =F29/Entradas!$D$29*AS29*(1+0.2*AQ29*Entradas!$C$22)*(1+0.2*SQRT(AQ29)*Entradas!$C$18/D29)+J29*AR29*(1+0.1*AQ29*Entradas!$C$22)*(1+0.1*SQRT(AQ29)*Entradas!$C$18/D29)+0.5*I29*D29*AT29*(1+0.1*AQ29*Entradas!$C$22)*(1+0.1*SQRT(AQ29)*Entradas!$C$18/D29) -> 1364.196
A30: S2 | B30: Occidental (Calarcá) | C30: Típico | D30: 1.5 | E30: NF profundo | F30: =Entradas!F10 -> 25 | G30: =Entradas!F11 -> 28 | H30: =Entradas!F12 -> 13.5 | I30: =IF(E30="NF en la base",H30-Entradas!$C$19,H30) -> 13.5 | J30: =H30*Entradas!$C$18 -> 20.25 | K30: =TAN(RADIANS(45+G30/2))^2 -> 2.7698262 | L30: =EXP(PI()*TAN(RADIANS(G30)))*K30 -> 14.719881 | M30: =(L30-1)/TAN(RADIANS(G30)) -> 25.803343 | N30: =(L30-1)*TAN(RADIANS(1.4*G30)) -> 11.189662 | O30: =1+0.2*K30*Entradas!$C$22 -> 1.5539652 | P30: =1+0.1*K30*Entradas!$C$22 -> 1.2769826 | Q30: =1+0.2*SQRT(K30)*Entradas!$C$18/D30 -> 1.3328559 | R30: =1+0.1*SQRT(K30)*Entradas!$C$18/D30 -> 1.1664279 | S30: =F30*M30*O30*Q30+J30*L30*P30*R30+0.5*I30*D30*N30*P30*R30 -> 1948.848 | T30: =S30/Entradas!$C$27 -> 649.616 | U30: =AI30 -> 636.9251 | V30: =MIN(T30,U30) -> 636.9251 | W30: =Entradas!F13 -> 8379 | X30: =Entradas!$C$20*W30/(Entradas!$C$21*D30*(1-Entradas!F14^2))+J30 -> 197.1285 | Y30: =MIN(V30,X30) -> 197.1285 | Z30: =IF(X30<V30,"Asentamiento",IF(T30<=U30,"Falla (FSICP)","Falla (FSB directo)")) -> Asentamiento | AA30: =MIN(S30/Entradas!$C$28,AO30) -> 779.5392 | AB30: =MIN(S30/Entradas!$C$29,AU30) -> 1299.232 | AD30: =DEGREES(ATAN(TAN(RADIANS(G30))/Entradas!$D$27)) -> 19.51804 | AE30: =TAN(RADIANS(45+AD30/2))^2 -> 2.0034704 | AF30: =EXP(PI()*TAN(RADIANS(AD30)))*AE30 -> 6.1012307 | AG30: =(AF30-1)/TAN(RADIANS(AD30)) -> 14.391029 | AH30: =(AF30-1)*TAN(RADIANS(1.4*AD30)) -> 2.6357898 | AI30: =F30/Entradas!$D$27*AG30*(1+0.2*AE30*Entradas!$C$22)*(1+0.2*SQRT(AE30)*Entradas!$C$18/D30)+J30*AF30*(1+0.1*AE30*Entradas!$C$22)*(1+0.1*SQRT(AE30)*Entradas!$C$18/D30)+0.5*I30*D30*AH30*(1+0.1*AE30*Entradas!$C$22)*(1+0.1*SQRT(AE30)*Entradas!$C$18/D30) -> 636.9251 | AJ30: =DEGREES(ATAN(TAN(RADIANS(G30))/Entradas!$D$28)) -> 23.043327 | AK30: =TAN(RADIANS(45+AJ30/2))^2 -> 2.286377 | AL30: =EXP(PI()*TAN(RADIANS(AJ30)))*AK30 -> 8.6997999 | AM30: =(AL30-1)/TAN(RADIANS(AJ30)) -> 18.101522 | AN30: =(AL30-1)*TAN(RADIANS(1.4*AJ30)) -> 4.8602145 | AO30: =F30/Entradas!$D$28*AM30*(1+0.2*AK30*Entradas!$C$22)*(1+0.2*SQRT(AK30)*Entradas!$C$18/D30)+J30*AL30*(1+0.1*AK30*Entradas!$C$22)*(1+0.1*SQRT(AK30)*Entradas!$C$18/D30)+0.5*I30*D30*AN30*(1+0.1*AK30*Entradas!$C$22)*(1+0.1*SQRT(AK30)*Entradas!$C$18/D30) -> 1005.908 | AP30: =DEGREES(ATAN(TAN(RADIANS(G30))/Entradas!$D$29)) -> 25.797832 | AQ30: =TAN(RADIANS(45+AP30/2))^2 -> 2.5410579 | AR30: =EXP(PI()*TAN(RADIANS(AP30)))*AQ30 -> 11.601554 | AS30: =(AR30-1)/TAN(RADIANS(AP30)) -> 21.932486 | AT30: =(AR30-1)*TAN(RADIANS(1.4*AP30)) -> 7.7355956 | AU30: =F30/Entradas!$D$29*AS30*(1+0.2*AQ30*Entradas!$C$22)*(1+0.2*SQRT(AQ30)*Entradas!$C$18/D30)+J30*AR30*(1+0.1*AQ30*Entradas!$C$22)*(1+0.1*SQRT(AQ30)*Entradas!$C$18/D30)+0.5*I30*D30*AT30*(1+0.1*AQ30*Entradas!$C$22)*(1+0.1*SQRT(AQ30)*Entradas!$C$18/D30) -> 1446.951
A31: S2 | B31: Occidental (Calarcá) | C31: Típico | D31: 2 | E31: NF en la base | F31: =Entradas!F10 -> 25 | G31: =Entradas!F11 -> 28 | H31: =Entradas!F12 -> 13.5 | I31: =IF(E31="NF en la base",H31-Entradas!$C$19,H31) -> 3.69 | J31: =H31*Entradas!$C$18 -> 20.25 | K31: =TAN(RADIANS(45+G31/2))^2 -> 2.7698262 | L31: =EXP(PI()*TAN(RADIANS(G31)))*K31 -> 14.719881 | M31: =(L31-1)/TAN(RADIANS(G31)) -> 25.803343 | N31: =(L31-1)*TAN(RADIANS(1.4*G31)) -> 11.189662 | O31: =1+0.2*K31*Entradas!$C$22 -> 1.5539652 | P31: =1+0.1*K31*Entradas!$C$22 -> 1.2769826 | Q31: =1+0.2*SQRT(K31)*Entradas!$C$18/D31 -> 1.2496419 | R31: =1+0.1*SQRT(K31)*Entradas!$C$18/D31 -> 1.124821 | S31: =F31*M31*O31*Q31+J31*L31*P31*R31+0.5*I31*D31*N31*P31*R31 -> 1740.1474 | T31: =S31/Entradas!$C$27 -> 580.04913 | U31: =AI31 -> 584.24656 | V31: =MIN(T31,U31) -> 580.04913 | W31: =Entradas!F13 -> 8379 | X31: =Entradas!$C$20*W31/(Entradas!$C$21*D31*(1-Entradas!F14^2))+J31 -> 152.90888 | Y31: =MIN(V31,X31) -> 152.90888 | Z31: =IF(X31<V31,"Asentamiento",IF(T31<=U31,"Falla (FSICP)","Falla (FSB directo)")) -> Asentamiento | AA31: =MIN(S31/Entradas!$C$28,AO31) -> 696.05895 | AB31: =MIN(S31/Entradas!$C$29,AU31) -> 1160.0983 | AD31: =DEGREES(ATAN(TAN(RADIANS(G31))/Entradas!$D$27)) -> 19.51804 | AE31: =TAN(RADIANS(45+AD31/2))^2 -> 2.0034704 | AF31: =EXP(PI()*TAN(RADIANS(AD31)))*AE31 -> 6.1012307 | AG31: =(AF31-1)/TAN(RADIANS(AD31)) -> 14.391029 | AH31: =(AF31-1)*TAN(RADIANS(1.4*AD31)) -> 2.6357898 | AI31: =F31/Entradas!$D$27*AG31*(1+0.2*AE31*Entradas!$C$22)*(1+0.2*SQRT(AE31)*Entradas!$C$18/D31)+J31*AF31*(1+0.1*AE31*Entradas!$C$22)*(1+0.1*SQRT(AE31)*Entradas!$C$18/D31)+0.5*I31*D31*AH31*(1+0.1*AE31*Entradas!$C$22)*(1+0.1*SQRT(AE31)*Entradas!$C$18/D31) -> 584.24656 | AJ31: =DEGREES(ATAN(TAN(RADIANS(G31))/Entradas!$D$28)) -> 23.043327 | AK31: =TAN(RADIANS(45+AJ31/2))^2 -> 2.286377 | AL31: =EXP(PI()*TAN(RADIANS(AJ31)))*AK31 -> 8.6997999 | AM31: =(AL31-1)/TAN(RADIANS(AJ31)) -> 18.101522 | AN31: =(AL31-1)*TAN(RADIANS(1.4*AJ31)) -> 4.8602145 | AO31: =F31/Entradas!$D$28*AM31*(1+0.2*AK31*Entradas!$C$22)*(1+0.2*SQRT(AK31)*Entradas!$C$18/D31)+J31*AL31*(1+0.1*AK31*Entradas!$C$22)*(1+0.1*SQRT(AK31)*Entradas!$C$18/D31)+0.5*I31*D31*AN31*(1+0.1*AK31*Entradas!$C$22)*(1+0.1*SQRT(AK31)*Entradas!$C$18/D31) -> 912.76931 | AP31: =DEGREES(ATAN(TAN(RADIANS(G31))/Entradas!$D$29)) -> 25.797832 | AQ31: =TAN(RADIANS(45+AP31/2))^2 -> 2.5410579 | AR31: =EXP(PI()*TAN(RADIANS(AP31)))*AQ31 -> 11.601554 | AS31: =(AR31-1)/TAN(RADIANS(AP31)) -> 21.932486 | AT31: =(AR31-1)*TAN(RADIANS(1.4*AP31)) -> 7.7355956 | AU31: =F31/Entradas!$D$29*AS31*(1+0.2*AQ31*Entradas!$C$22)*(1+0.2*SQRT(AQ31)*Entradas!$C$18/D31)+J31*AR31*(1+0.1*AQ31*Entradas!$C$22)*(1+0.1*SQRT(AQ31)*Entradas!$C$18/D31)+0.5*I31*D31*AT31*(1+0.1*AQ31*Entradas!$C$22)*(1+0.1*SQRT(AQ31)*Entradas!$C$18/D31) -> 1301.4836
A32: S2 | B32: Occidental (Calarcá) | C32: Típico | D32: 2 | E32: NF profundo | F32: =Entradas!F10 -> 25 | G32: =Entradas!F11 -> 28 | H32: =Entradas!F12 -> 13.5 | I32: =IF(E32="NF en la base",H32-Entradas!$C$19,H32) -> 13.5 | J32: =H32*Entradas!$C$18 -> 20.25 | K32: =TAN(RADIANS(45+G32/2))^2 -> 2.7698262 | L32: =EXP(PI()*TAN(RADIANS(G32)))*K32 -> 14.719881 | M32: =(L32-1)/TAN(RADIANS(G32)) -> 25.803343 | N32: =(L32-1)*TAN(RADIANS(1.4*G32)) -> 11.189662 | O32: =1+0.2*K32*Entradas!$C$22 -> 1.5539652 | P32: =1+0.1*K32*Entradas!$C$22 -> 1.2769826 | Q32: =1+0.2*SQRT(K32)*Entradas!$C$18/D32 -> 1.2496419 | R32: =1+0.1*SQRT(K32)*Entradas!$C$18/D32 -> 1.124821 | S32: =F32*M32*O32*Q32+J32*L32*P32*R32+0.5*I32*D32*N32*P32*R32 -> 1897.8193 | T32: =S32/Entradas!$C$27 -> 632.60643 | U32: =AI32 -> 618.57893 | V32: =MIN(T32,U32) -> 618.57893 | W32: =Entradas!F13 -> 8379 | X32: =Entradas!$C$20*W32/(Entradas!$C$21*D32*(1-Entradas!F14^2))+J32 -> 152.90888 | Y32: =MIN(V32,X32) -> 152.90888 | Z32: =IF(X32<V32,"Asentamiento",IF(T32<=U32,"Falla (FSICP)","Falla (FSB directo)")) -> Asentamiento | AA32: =MIN(S32/Entradas!$C$28,AO32) -> 759.12772 | AB32: =MIN(S32/Entradas!$C$29,AU32) -> 1265.2129 | AD32: =DEGREES(ATAN(TAN(RADIANS(G32))/Entradas!$D$27)) -> 19.51804 | AE32: =TAN(RADIANS(45+AD32/2))^2 -> 2.0034704 | AF32: =EXP(PI()*TAN(RADIANS(AD32)))*AE32 -> 6.1012307 | AG32: =(AF32-1)/TAN(RADIANS(AD32)) -> 14.391029 | AH32: =(AF32-1)*TAN(RADIANS(1.4*AD32)) -> 2.6357898 | AI32: =F32/Entradas!$D$27*AG32*(1+0.2*AE32*Entradas!$C$22)*(1+0.2*SQRT(AE32)*Entradas!$C$18/D32)+J32*AF32*(1+0.1*AE32*Entradas!$C$22)*(1+0.1*SQRT(AE32)*Entradas!$C$18/D32)+0.5*I32*D32*AH32*(1+0.1*AE32*Entradas!$C$22)*(1+0.1*SQRT(AE32)*Entradas!$C$18/D32) -> 618.57893 | AJ32: =DEGREES(ATAN(TAN(RADIANS(G32))/Entradas!$D$28)) -> 23.043327 | AK32: =TAN(RADIANS(45+AJ32/2))^2 -> 2.286377 | AL32: =EXP(PI()*TAN(RADIANS(AJ32)))*AK32 -> 8.6997999 | AM32: =(AL32-1)/TAN(RADIANS(AJ32)) -> 18.101522 | AN32: =(AL32-1)*TAN(RADIANS(1.4*AJ32)) -> 4.8602145 | AO32: =F32/Entradas!$D$28*AM32*(1+0.2*AK32*Entradas!$C$22)*(1+0.2*SQRT(AK32)*Entradas!$C$18/D32)+J32*AL32*(1+0.1*AK32*Entradas!$C$22)*(1+0.1*SQRT(AK32)*Entradas!$C$18/D32)+0.5*I32*D32*AN32*(1+0.1*AK32*Entradas!$C$22)*(1+0.1*SQRT(AK32)*Entradas!$C$18/D32) -> 977.99246 | AP32: =DEGREES(ATAN(TAN(RADIANS(G32))/Entradas!$D$29)) -> 25.797832 | AQ32: =TAN(RADIANS(45+AP32/2))^2 -> 2.5410579 | AR32: =EXP(PI()*TAN(RADIANS(AP32)))*AQ32 -> 11.601554 | AS32: =(AR32-1)/TAN(RADIANS(AP32)) -> 21.932486 | AT32: =(AR32-1)*TAN(RADIANS(1.4*AP32)) -> 7.7355956 | AU32: =F32/Entradas!$D$29*AS32*(1+0.2*AQ32*Entradas!$C$22)*(1+0.2*SQRT(AQ32)*Entradas!$C$18/D32)+J32*AR32*(1+0.1*AQ32*Entradas!$C$22)*(1+0.1*SQRT(AQ32)*Entradas!$C$18/D32)+0.5*I32*D32*AT32*(1+0.1*AQ32*Entradas!$C$22)*(1+0.1*SQRT(AQ32)*Entradas!$C$18/D32) -> 1408.0309
A33: S2 | B33: Occidental (Calarcá) | C33: Típico | D33: 3 | E33: NF en la base | F33: =Entradas!F10 -> 25 | G33: =Entradas!F11 -> 28 | H33: =Entradas!F12 -> 13.5 | I33: =IF(E33="NF en la base",H33-Entradas!$C$19,H33) -> 3.69 | J33: =H33*Entradas!$C$18 -> 20.25 | K33: =TAN(RADIANS(45+G33/2))^2 -> 2.7698262 | L33: =EXP(PI()*TAN(RADIANS(G33)))*K33 -> 14.719881 | M33: =(L33-1)/TAN(RADIANS(G33)) -> 25.803343 | N33: =(L33-1)*TAN(RADIANS(1.4*G33)) -> 11.189662 | O33: =1+0.2*K33*Entradas!$C$22 -> 1.5539652 | P33: =1+0.1*K33*Entradas!$C$22 -> 1.2769826 | Q33: =1+0.2*SQRT(K33)*Entradas!$C$18/D33 -> 1.1664279 | R33: =1+0.1*SQRT(K33)*Entradas!$C$18/D33 -> 1.083214 | S33: =F33*M33*O33*Q33+J33*L33*P33*R33+0.5*I33*D33*N33*P33*R33 -> 1667.2565 | T33: =S33/Entradas!$C$27 -> 555.75217 | U33: =AI33 -> 561.05969 | V33: =MIN(T33,U33) -> 555.75217 | W33: =Entradas!F13 -> 8379 | X33: =Entradas!$C$20*W33/(Entradas!$C$21*D33*(1-Entradas!F14^2))+J33 -> 108.68925 | Y33: =MIN(V33,X33) -> 108.68925 | Z33: =IF(X33<V33,"Asentamiento",IF(T33<=U33,"Falla (FSICP)","Falla (FSB directo)")) -> Asentamiento | AA33: =MIN(S33/Entradas!$C$28,AO33) -> 666.90261 | AB33: =MIN(S33/Entradas!$C$29,AU33) -> 1111.5043 | AD33: =DEGREES(ATAN(TAN(RADIANS(G33))/Entradas!$D$27)) -> 19.51804 | AE33: =TAN(RADIANS(45+AD33/2))^2 -> 2.0034704 | AF33: =EXP(PI()*TAN(RADIANS(AD33)))*AE33 -> 6.1012307 | AG33: =(AF33-1)/TAN(RADIANS(AD33)) -> 14.391029 | AH33: =(AF33-1)*TAN(RADIANS(1.4*AD33)) -> 2.6357898 | AI33: =F33/Entradas!$D$27*AG33*(1+0.2*AE33*Entradas!$C$22)*(1+0.2*SQRT(AE33)*Entradas!$C$18/D33)+J33*AF33*(1+0.1*AE33*Entradas!$C$22)*(1+0.1*SQRT(AE33)*Entradas!$C$18/D33)+0.5*I33*D33*AH33*(1+0.1*AE33*Entradas!$C$22)*(1+0.1*SQRT(AE33)*Entradas!$C$18/D33) -> 561.05969 | AJ33: =DEGREES(ATAN(TAN(RADIANS(G33))/Entradas!$D$28)) -> 23.043327 | AK33: =TAN(RADIANS(45+AJ33/2))^2 -> 2.286377 | AL33: =EXP(PI()*TAN(RADIANS(AJ33)))*AK33 -> 8.6997999 | AM33: =(AL33-1)/TAN(RADIANS(AJ33)) -> 18.101522 | AN33: =(AL33-1)*TAN(RADIANS(1.4*AJ33)) -> 4.8602145 | AO33: =F33/Entradas!$D$28*AM33*(1+0.2*AK33*Entradas!$C$22)*(1+0.2*SQRT(AK33)*Entradas!$C$18/D33)+J33*AL33*(1+0.1*AK33*Entradas!$C$22)*(1+0.1*SQRT(AK33)*Entradas!$C$18/D33)+0.5*I33*D33*AN33*(1+0.1*AK33*Entradas!$C$22)*(1+0.1*SQRT(AK33)*Entradas!$C$18/D33) -> 875.71745 | AP33: =DEGREES(ATAN(TAN(RADIANS(G33))/Entradas!$D$29)) -> 25.797832 | AQ33: =TAN(RADIANS(45+AP33/2))^2 -> 2.5410579 | AR33: =EXP(PI()*TAN(RADIANS(AP33)))*AQ33 -> 11.601554 | AS33: =(AR33-1)/TAN(RADIANS(AP33)) -> 21.932486 | AT33: =(AR33-1)*TAN(RADIANS(1.4*AP33)) -> 7.7355956 | AU33: =F33/Entradas!$D$29*AS33*(1+0.2*AQ33*Entradas!$C$22)*(1+0.2*SQRT(AQ33)*Entradas!$C$18/D33)+J33*AR33*(1+0.1*AQ33*Entradas!$C$22)*(1+0.1*SQRT(AQ33)*Entradas!$C$18/D33)+0.5*I33*D33*AT33*(1+0.1*AQ33*Entradas!$C$22)*(1+0.1*SQRT(AQ33)*Entradas!$C$18/D33) -> 1247.7205
A34: S2 | B34: Occidental (Calarcá) | C34: Típico | D34: 3 | E34: NF profundo | F34: =Entradas!F10 -> 25 | G34: =Entradas!F11 -> 28 | H34: =Entradas!F12 -> 13.5 | I34: =IF(E34="NF en la base",H34-Entradas!$C$19,H34) -> 13.5 | J34: =H34*Entradas!$C$18 -> 20.25 | K34: =TAN(RADIANS(45+G34/2))^2 -> 2.7698262 | L34: =EXP(PI()*TAN(RADIANS(G34)))*K34 -> 14.719881 | M34: =(L34-1)/TAN(RADIANS(G34)) -> 25.803343 | N34: =(L34-1)*TAN(RADIANS(1.4*G34)) -> 11.189662 | O34: =1+0.2*K34*Entradas!$C$22 -> 1.5539652 | P34: =1+0.1*K34*Entradas!$C$22 -> 1.2769826 | Q34: =1+0.2*SQRT(K34)*Entradas!$C$18/D34 -> 1.1664279 | R34: =1+0.1*SQRT(K34)*Entradas!$C$18/D34 -> 1.083214 | S34: =F34*M34*O34*Q34+J34*L34*P34*R34+0.5*I34*D34*N34*P34*R34 -> 1895.016 | T34: =S34/Entradas!$C$27 -> 631.672 | U34: =AI34 -> 610.9108 | V34: =MIN(T34,U34) -> 610.9108 | W34: =Entradas!F13 -> 8379 | X34: =Entradas!$C$20*W34/(Entradas!$C$21*D34*(1-Entradas!F14^2))+J34 -> 108.68925 | Y34: =MIN(V34,X34) -> 108.68925 | Z34: =IF(X34<V34,"Asentamiento",IF(T34<=U34,"Falla (FSICP)","Falla (FSB directo)")) -> Asentamiento | AA34: =MIN(S34/Entradas!$C$28,AO34) -> 758.0064 | AB34: =MIN(S34/Entradas!$C$29,AU34) -> 1263.344 | AD34: =DEGREES(ATAN(TAN(RADIANS(G34))/Entradas!$D$27)) -> 19.51804 | AE34: =TAN(RADIANS(45+AD34/2))^2 -> 2.0034704 | AF34: =EXP(PI()*TAN(RADIANS(AD34)))*AE34 -> 6.1012307 | AG34: =(AF34-1)/TAN(RADIANS(AD34)) -> 14.391029 | AH34: =(AF34-1)*TAN(RADIANS(1.4*AD34)) -> 2.6357898 | AI34: =F34/Entradas!$D$27*AG34*(1+0.2*AE34*Entradas!$C$22)*(1+0.2*SQRT(AE34)*Entradas!$C$18/D34)+J34*AF34*(1+0.1*AE34*Entradas!$C$22)*(1+0.1*SQRT(AE34)*Entradas!$C$18/D34)+0.5*I34*D34*AH34*(1+0.1*AE34*Entradas!$C$22)*(1+0.1*SQRT(AE34)*Entradas!$C$18/D34) -> 610.9108 | AJ34: =DEGREES(ATAN(TAN(RADIANS(G34))/Entradas!$D$28)) -> 23.043327 | AK34: =TAN(RADIANS(45+AJ34/2))^2 -> 2.286377 | AL34: =EXP(PI()*TAN(RADIANS(AJ34)))*AK34 -> 8.6997999 | AM34: =(AL34-1)/TAN(RADIANS(AJ34)) -> 18.101522 | AN34: =(AL34-1)*TAN(RADIANS(1.4*AJ34)) -> 4.8602145 | AO34: =F34/Entradas!$D$28*AM34*(1+0.2*AK34*Entradas!$C$22)*(1+0.2*SQRT(AK34)*Entradas!$C$18/D34)+J34*AL34*(1+0.1*AK34*Entradas!$C$22)*(1+0.1*SQRT(AK34)*Entradas!$C$18/D34)+0.5*I34*D34*AN34*(1+0.1*AK34*Entradas!$C$22)*(1+0.1*SQRT(AK34)*Entradas!$C$18/D34) -> 970.23052 | AP34: =DEGREES(ATAN(TAN(RADIANS(G34))/Entradas!$D$29)) -> 25.797832 | AQ34: =TAN(RADIANS(45+AP34/2))^2 -> 2.5410579 | AR34: =EXP(PI()*TAN(RADIANS(AP34)))*AQ34 -> 11.601554 | AS34: =(AR34-1)/TAN(RADIANS(AP34)) -> 21.932486 | AT34: =(AR34-1)*TAN(RADIANS(1.4*AP34)) -> 7.7355956 | AU34: =F34/Entradas!$D$29*AS34*(1+0.2*AQ34*Entradas!$C$22)*(1+0.2*SQRT(AQ34)*Entradas!$C$18/D34)+J34*AR34*(1+0.1*AQ34*Entradas!$C$22)*(1+0.1*SQRT(AQ34)*Entradas!$C$18/D34)+0.5*I34*D34*AT34*(1+0.1*AQ34*Entradas!$C$22)*(1+0.1*SQRT(AQ34)*Entradas!$C$18/D34) -> 1401.8525
A35: S2 | B35: Occidental (Calarcá) | C35: Máximo | D35: 1.5 | E35: NF en la base | F35: =Entradas!G10 -> 35 | G35: =Entradas!G11 -> 33 | H35: =Entradas!G12 -> 15.6 | I35: =IF(E35="NF en la base",H35-Entradas!$C$19,H35) -> 5.79 | J35: =H35*Entradas!$C$18 -> 23.4 | K35: =TAN(RADIANS(45+G35/2))^2 -> 3.39212 | L35: =EXP(PI()*TAN(RADIANS(G35)))*K35 -> 26.092012 | M35: =(L35-1)/TAN(RADIANS(G35)) -> 38.63831 | N35: =(L35-1)*TAN(RADIANS(1.4*G35)) -> 26.165708 | O35: =1+0.2*K35*Entradas!$C$22 -> 1.678424 | P35: =1+0.1*K35*Entradas!$C$22 -> 1.339212 | Q35: =1+0.2*SQRT(K35)*Entradas!$C$18/D35 -> 1.3683542 | R35: =1+0.1*SQRT(K35)*Entradas!$C$18/D35 -> 1.1841771 | S35: =F35*M35*O35*Q35+J35*L35*P35*R35+0.5*I35*D35*N35*P35*R35 -> 4254.3396 | T35: =S35/Entradas!$C$27 -> 1418.1132 | U35: =AI35 -> 1158.7074 | V35: =MIN(T35,U35) -> 1158.7074 | W35: =Entradas!G13 -> 14364 | X35: =Entradas!$C$20*W35/(Entradas!$C$21*D35*(1-Entradas!G14^2))+J35 -> 326.62029 | Y35: =MIN(V35,X35) -> 326.62029 | Z35: =IF(X35<V35,"Asentamiento",IF(T35<=U35,"Falla (FSICP)","Falla (FSB directo)")) -> Asentamiento | AA35: =MIN(S35/Entradas!$C$28,AO35) -> 1701.7358 | AB35: =MIN(S35/Entradas!$C$29,AU35) -> 2836.2264 | AD35: =DEGREES(ATAN(TAN(RADIANS(G35))/Entradas!$D$27)) -> 23.409639 | AE35: =TAN(RADIANS(45+AD35/2))^2 -> 2.3184131 | AF35: =EXP(PI()*TAN(RADIANS(AD35)))*AE35 -> 9.0340342 | AG35: =(AF35-1)/TAN(RADIANS(AD35)) -> 18.556992 | AH35: =(AF35-1)*TAN(RADIANS(1.4*AD35)) -> 5.1723232 | AI35: =F35/Entradas!$D$27*AG35*(1+0.2*AE35*Entradas!$C$22)*(1+0.2*SQRT(AE35)*Entradas!$C$18/D35)+J35*AF35*(1+0.1*AE35*Entradas!$C$22)*(1+0.1*SQRT(AE35)*Entradas!$C$18/D35)+0.5*I35*D35*AH35*(1+0.1*AE35*Entradas!$C$22)*(1+0.1*SQRT(AE35)*Entradas!$C$18/D35) -> 1158.7074 | AJ35: =DEGREES(ATAN(TAN(RADIANS(G35))/Entradas!$D$28)) -> 27.453053 | AK35: =TAN(RADIANS(45+AJ35/2))^2 -> 2.7107243 | AL35: =EXP(PI()*TAN(RADIANS(AJ35)))*AK35 -> 13.864826 | AM35: =(AL35-1)/TAN(RADIANS(AJ35)) -> 24.762619 | AN35: =(AL35-1)*TAN(RADIANS(1.4*AJ35)) -> 10.209072 | AO35: =F35/Entradas!$D$28*AM35*(1+0.2*AK35*Entradas!$C$22)*(1+0.2*SQRT(AK35)*Entradas!$C$18/D35)+J35*AL35*(1+0.1*AK35*Entradas!$C$22)*(1+0.1*SQRT(AK35)*Entradas!$C$18/D35)+0.5*I35*D35*AN35*(1+0.1*AK35*Entradas!$C$22)*(1+0.1*SQRT(AK35)*Entradas!$C$18/D35) -> 1967.247 | AP35: =DEGREES(ATAN(TAN(RADIANS(G35))/Entradas!$D$29)) -> 30.556351 | AQ35: =TAN(RADIANS(45+AP35/2))^2 -> 3.0682285 | AR35: =EXP(PI()*TAN(RADIANS(AP35)))*AQ35 -> 19.605382 | AS35: =(AR35-1)/TAN(RADIANS(AP35)) -> 31.514753 | AT35: =(AR35-1)*TAN(RADIANS(1.4*AP35)) -> 17.216044 | AU35: =F35/Entradas!$D$29*AS35*(1+0.2*AQ35*Entradas!$C$22)*(1+0.2*SQRT(AQ35)*Entradas!$C$18/D35)+J35*AR35*(1+0.1*AQ35*Entradas!$C$22)*(1+0.1*SQRT(AQ35)*Entradas!$C$18/D35)+0.5*I35*D35*AT35*(1+0.1*AQ35*Entradas!$C$22)*(1+0.1*SQRT(AQ35)*Entradas!$C$18/D35) -> 3004.2779
A36: S2 | B36: Occidental (Calarcá) | C36: Máximo | D36: 1.5 | E36: NF profundo | F36: =Entradas!G10 -> 35 | G36: =Entradas!G11 -> 33 | H36: =Entradas!G12 -> 15.6 | I36: =IF(E36="NF en la base",H36-Entradas!$C$19,H36) -> 15.6 | J36: =H36*Entradas!$C$18 -> 23.4 | K36: =TAN(RADIANS(45+G36/2))^2 -> 3.39212 | L36: =EXP(PI()*TAN(RADIANS(G36)))*K36 -> 26.092012 | M36: =(L36-1)/TAN(RADIANS(G36)) -> 38.63831 | N36: =(L36-1)*TAN(RADIANS(1.4*G36)) -> 26.165708 | O36: =1+0.2*K36*Entradas!$C$22 -> 1.678424 | P36: =1+0.1*K36*Entradas!$C$22 -> 1.339212 | Q36: =1+0.2*SQRT(K36)*Entradas!$C$18/D36 -> 1.3683542 | R36: =1+0.1*SQRT(K36)*Entradas!$C$18/D36 -> 1.1841771 | S36: =F36*M36*O36*Q36+J36*L36*P36*R36+0.5*I36*D36*N36*P36*R36 -> 4559.641 | T36: =S36/Entradas!$C$27 -> 1519.8803 | U36: =AI36 -> 1212.7234 | V36: =MIN(T36,U36) -> 1212.7234 | W36: =Entradas!G13 -> 14364 | X36: =Entradas!$C$20*W36/(Entradas!$C$21*D36*(1-Entradas!G14^2))+J36 -> 326.62029 | Y36: =MIN(V36,X36) -> 326.62029 | Z36: =IF(X36<V36,"Asentamiento",IF(T36<=U36,"Falla (FSICP)","Falla (FSB directo)")) -> Asentamiento | AA36: =MIN(S36/Entradas!$C$28,AO36) -> 1823.8564 | AB36: =MIN(S36/Entradas!$C$29,AU36) -> 3039.7606 | AD36: =DEGREES(ATAN(TAN(RADIANS(G36))/Entradas!$D$27)) -> 23.409639 | AE36: =TAN(RADIANS(45+AD36/2))^2 -> 2.3184131 | AF36: =EXP(PI()*TAN(RADIANS(AD36)))*AE36 -> 9.0340342 | AG36: =(AF36-1)/TAN(RADIANS(AD36)) -> 18.556992 | AH36: =(AF36-1)*TAN(RADIANS(1.4*AD36)) -> 5.1723232 | AI36: =F36/Entradas!$D$27*AG36*(1+0.2*AE36*Entradas!$C$22)*(1+0.2*SQRT(AE36)*Entradas!$C$18/D36)+J36*AF36*(1+0.1*AE36*Entradas!$C$22)*(1+0.1*SQRT(AE36)*Entradas!$C$18/D36)+0.5*I36*D36*AH36*(1+0.1*AE36*Entradas!$C$22)*(1+0.1*SQRT(AE36)*Entradas!$C$18/D36) -> 1212.7234 | AJ36: =DEGREES(ATAN(TAN(RADIANS(G36))/Entradas!$D$28)) -> 27.453053 | AK36: =TAN(RADIANS(45+AJ36/2))^2 -> 2.7107243 | AL36: =EXP(PI()*TAN(RADIANS(AJ36)))*AK36 -> 13.864826 | AM36: =(AL36-1)/TAN(RADIANS(AJ36)) -> 24.762619 | AN36: =(AL36-1)*TAN(RADIANS(1.4*AJ36)) -> 10.209072 | AO36: =F36/Entradas!$D$28*AM36*(1+0.2*AK36*Entradas!$C$22)*(1+0.2*SQRT(AK36)*Entradas!$C$18/D36)+J36*AL36*(1+0.1*AK36*Entradas!$C$22)*(1+0.1*SQRT(AK36)*Entradas!$C$18/D36)+0.5*I36*D36*AN36*(1+0.1*AK36*Entradas!$C$22)*(1+0.1*SQRT(AK36)*Entradas!$C$18/D36) -> 2078.4405 | AP36: =DEGREES(ATAN(TAN(RADIANS(G36))/Entradas!$D$29)) -> 30.556351 | AQ36: =TAN(RADIANS(45+AP36/2))^2 -> 3.0682285 | AR36: =EXP(PI()*TAN(RADIANS(AP36)))*AQ36 -> 19.605382 | AS36: =(AR36-1)/TAN(RADIANS(AP36)) -> 31.514753 | AT36: =(AR36-1)*TAN(RADIANS(1.4*AP36)) -> 17.216044 | AU36: =F36/Entradas!$D$29*AS36*(1+0.2*AQ36*Entradas!$C$22)*(1+0.2*SQRT(AQ36)*Entradas!$C$18/D36)+J36*AR36*(1+0.1*AQ36*Entradas!$C$22)*(1+0.1*SQRT(AQ36)*Entradas!$C$18/D36)+0.5*I36*D36*AT36*(1+0.1*AQ36*Entradas!$C$22)*(1+0.1*SQRT(AQ36)*Entradas!$C$18/D36) -> 3198.8043
A37: S2 | B37: Occidental (Calarcá) | C37: Máximo | D37: 2 | E37: NF en la base | F37: =Entradas!G10 -> 35 | G37: =Entradas!G11 -> 33 | H37: =Entradas!G12 -> 15.6 | I37: =IF(E37="NF en la base",H37-Entradas!$C$19,H37) -> 5.79 | J37: =H37*Entradas!$C$18 -> 23.4 | K37: =TAN(RADIANS(45+G37/2))^2 -> 3.39212 | L37: =EXP(PI()*TAN(RADIANS(G37)))*K37 -> 26.092012 | M37: =(L37-1)/TAN(RADIANS(G37)) -> 38.63831 | N37: =(L37-1)*TAN(RADIANS(1.4*G37)) -> 26.165708 | O37: =1+0.2*K37*Entradas!$C$22 -> 1.678424 | P37: =1+0.1*K37*Entradas!$C$22 -> 1.339212 | Q37: =1+0.2*SQRT(K37)*Entradas!$C$18/D37 -> 1.2762656 | R37: =1+0.1*SQRT(K37)*Entradas!$C$18/D37 -> 1.1381328 | S37: =F37*M37*O37*Q37+J37*L37*P37*R37+0.5*I37*D37*N37*P37*R37 -> 4058.3908 | T37: =S37/Entradas!$C$27 -> 1352.7969 | U37: =AI37 -> 1109.7676 | V37: =MIN(T37,U37) -> 1109.7676 | W37: =Entradas!G13 -> 14364 | X37: =Entradas!$C$20*W37/(Entradas!$C$21*D37*(1-Entradas!G14^2))+J37 -> 250.81522 | Y37: =MIN(V37,X37) -> 250.81522 | Z37: =IF(X37<V37,"Asentamiento",IF(T37<=U37,"Falla (FSICP)","Falla (FSB directo)")) -> Asentamiento | AA37: =MIN(S37/Entradas!$C$28,AO37) -> 1623.3563 | AB37: =MIN(S37/Entradas!$C$29,AU37) -> 2705.5939 | AD37: =DEGREES(ATAN(TAN(RADIANS(G37))/Entradas!$D$27)) -> 23.409639 | AE37: =TAN(RADIANS(45+AD37/2))^2 -> 2.3184131 | AF37: =EXP(PI()*TAN(RADIANS(AD37)))*AE37 -> 9.0340342 | AG37: =(AF37-1)/TAN(RADIANS(AD37)) -> 18.556992 | AH37: =(AF37-1)*TAN(RADIANS(1.4*AD37)) -> 5.1723232 | AI37: =F37/Entradas!$D$27*AG37*(1+0.2*AE37*Entradas!$C$22)*(1+0.2*SQRT(AE37)*Entradas!$C$18/D37)+J37*AF37*(1+0.1*AE37*Entradas!$C$22)*(1+0.1*SQRT(AE37)*Entradas!$C$18/D37)+0.5*I37*D37*AH37*(1+0.1*AE37*Entradas!$C$22)*(1+0.1*SQRT(AE37)*Entradas!$C$18/D37) -> 1109.7676 | AJ37: =DEGREES(ATAN(TAN(RADIANS(G37))/Entradas!$D$28)) -> 27.453053 | AK37: =TAN(RADIANS(45+AJ37/2))^2 -> 2.7107243 | AL37: =EXP(PI()*TAN(RADIANS(AJ37)))*AK37 -> 13.864826 | AM37: =(AL37-1)/TAN(RADIANS(AJ37)) -> 24.762619 | AN37: =(AL37-1)*TAN(RADIANS(1.4*AJ37)) -> 10.209072 | AO37: =F37/Entradas!$D$28*AM37*(1+0.2*AK37*Entradas!$C$22)*(1+0.2*SQRT(AK37)*Entradas!$C$18/D37)+J37*AL37*(1+0.1*AK37*Entradas!$C$22)*(1+0.1*SQRT(AK37)*Entradas!$C$18/D37)+0.5*I37*D37*AN37*(1+0.1*AK37*Entradas!$C$22)*(1+0.1*SQRT(AK37)*Entradas!$C$18/D37) -> 1881.0342 | AP37: =DEGREES(ATAN(TAN(RADIANS(G37))/Entradas!$D$29)) -> 30.556351 | AQ37: =TAN(RADIANS(45+AP37/2))^2 -> 3.0682285 | AR37: =EXP(PI()*TAN(RADIANS(AP37)))*AQ37 -> 19.605382 | AS37: =(AR37-1)/TAN(RADIANS(AP37)) -> 31.514753 | AT37: =(AR37-1)*TAN(RADIANS(1.4*AP37)) -> 17.216044 | AU37: =F37/Entradas!$D$29*AS37*(1+0.2*AQ37*Entradas!$C$22)*(1+0.2*SQRT(AQ37)*Entradas!$C$18/D37)+J37*AR37*(1+0.1*AQ37*Entradas!$C$22)*(1+0.1*SQRT(AQ37)*Entradas!$C$18/D37)+0.5*I37*D37*AT37*(1+0.1*AQ37*Entradas!$C$22)*(1+0.1*SQRT(AQ37)*Entradas!$C$18/D37) -> 2868.8769
A38: S2 | B38: Occidental (Calarcá) | C38: Máximo | D38: 2 | E38: NF profundo | F38: =Entradas!G10 -> 35 | G38: =Entradas!G11 -> 33 | H38: =Entradas!G12 -> 15.6 | I38: =IF(E38="NF en la base",H38-Entradas!$C$19,H38) -> 15.6 | J38: =H38*Entradas!$C$18 -> 23.4 | K38: =TAN(RADIANS(45+G38/2))^2 -> 3.39212 | L38: =EXP(PI()*TAN(RADIANS(G38)))*K38 -> 26.092012 | M38: =(L38-1)/TAN(RADIANS(G38)) -> 38.63831 | N38: =(L38-1)*TAN(RADIANS(1.4*G38)) -> 26.165708 | O38: =1+0.2*K38*Entradas!$C$22 -> 1.678424 | P38: =1+0.1*K38*Entradas!$C$22 -> 1.339212 | Q38: =1+0.2*SQRT(K38)*Entradas!$C$18/D38 -> 1.2762656 | R38: =1+0.1*SQRT(K38)*Entradas!$C$18/D38 -> 1.1381328 | S38: =F38*M38*O38*Q38+J38*L38*P38*R38+0.5*I38*D38*N38*P38*R38 -> 4449.6313 | T38: =S38/Entradas!$C$27 -> 1483.2104 | U38: =AI38 -> 1179.4096 | V38: =MIN(T38,U38) -> 1179.4096 | W38: =Entradas!G13 -> 14364 | X38: =Entradas!$C$20*W38/(Entradas!$C$21*D38*(1-Entradas!G14^2))+J38 -> 250.81522 | Y38: =MIN(V38,X38) -> 250.81522 | Z38: =IF(X38<V38,"Asentamiento",IF(T38<=U38,"Falla (FSICP)","Falla (FSB directo)")) -> Asentamiento | AA38: =MIN(S38/Entradas!$C$28,AO38) -> 1779.8525 | AB38: =MIN(S38/Entradas!$C$29,AU38) -> 2966.4208 | AD38: =DEGREES(ATAN(TAN(RADIANS(G38))/Entradas!$D$27)) -> 23.409639 | AE38: =TAN(RADIANS(45+AD38/2))^2 -> 2.3184131 | AF38: =EXP(PI()*TAN(RADIANS(AD38)))*AE38 -> 9.0340342 | AG38: =(AF38-1)/TAN(RADIANS(AD38)) -> 18.556992 | AH38: =(AF38-1)*TAN(RADIANS(1.4*AD38)) -> 5.1723232 | AI38: =F38/Entradas!$D$27*AG38*(1+0.2*AE38*Entradas!$C$22)*(1+0.2*SQRT(AE38)*Entradas!$C$18/D38)+J38*AF38*(1+0.1*AE38*Entradas!$C$22)*(1+0.1*SQRT(AE38)*Entradas!$C$18/D38)+0.5*I38*D38*AH38*(1+0.1*AE38*Entradas!$C$22)*(1+0.1*SQRT(AE38)*Entradas!$C$18/D38) -> 1179.4096 | AJ38: =DEGREES(ATAN(TAN(RADIANS(G38))/Entradas!$D$28)) -> 27.453053 | AK38: =TAN(RADIANS(45+AJ38/2))^2 -> 2.7107243 | AL38: =EXP(PI()*TAN(RADIANS(AJ38)))*AK38 -> 13.864826 | AM38: =(AL38-1)/TAN(RADIANS(AJ38)) -> 24.762619 | AN38: =(AL38-1)*TAN(RADIANS(1.4*AJ38)) -> 10.209072 | AO38: =F38/Entradas!$D$28*AM38*(1+0.2*AK38*Entradas!$C$22)*(1+0.2*SQRT(AK38)*Entradas!$C$18/D38)+J38*AL38*(1+0.1*AK38*Entradas!$C$22)*(1+0.1*SQRT(AK38)*Entradas!$C$18/D38)+0.5*I38*D38*AN38*(1+0.1*AK38*Entradas!$C$22)*(1+0.1*SQRT(AK38)*Entradas!$C$18/D38) -> 2024.0525 | AP38: =DEGREES(ATAN(TAN(RADIANS(G38))/Entradas!$D$29)) -> 30.556351 | AQ38: =TAN(RADIANS(45+AP38/2))^2 -> 3.0682285 | AR38: =EXP(PI()*TAN(RADIANS(AP38)))*AQ38 -> 19.605382 | AS38: =(AR38-1)/TAN(RADIANS(AP38)) -> 31.514753 | AT38: =(AR38-1)*TAN(RADIANS(1.4*AP38)) -> 17.216044 | AU38: =F38/Entradas!$D$29*AS38*(1+0.2*AQ38*Entradas!$C$22)*(1+0.2*SQRT(AQ38)*Entradas!$C$18/D38)+J38*AR38*(1+0.1*AQ38*Entradas!$C$22)*(1+0.1*SQRT(AQ38)*Entradas!$C$18/D38)+0.5*I38*D38*AT38*(1+0.1*AQ38*Entradas!$C$22)*(1+0.1*SQRT(AQ38)*Entradas!$C$18/D38) -> 3118.5805
A39: S2 | B39: Occidental (Calarcá) | C39: Máximo | D39: 3 | E39: NF en la base | F39: =Entradas!G10 -> 35 | G39: =Entradas!G11 -> 33 | H39: =Entradas!G12 -> 15.6 | I39: =IF(E39="NF en la base",H39-Entradas!$C$19,H39) -> 5.79 | J39: =H39*Entradas!$C$18 -> 23.4 | K39: =TAN(RADIANS(45+G39/2))^2 -> 3.39212 | L39: =EXP(PI()*TAN(RADIANS(G39)))*K39 -> 26.092012 | M39: =(L39-1)/TAN(RADIANS(G39)) -> 38.63831 | N39: =(L39-1)*TAN(RADIANS(1.4*G39)) -> 26.165708 | O39: =1+0.2*K39*Entradas!$C$22 -> 1.678424 | P39: =1+0.1*K39*Entradas!$C$22 -> 1.339212 | Q39: =1+0.2*SQRT(K39)*Entradas!$C$18/D39 -> 1.1841771 | R39: =1+0.1*SQRT(K39)*Entradas!$C$18/D39 -> 1.0920885 | S39: =F39*M39*O39*Q39+J39*L39*P39*R39+0.5*I39*D39*N39*P39*R39 -> 3913.1645 | T39: =S39/Entradas!$C$27 -> 1304.3882 | U39: =AI39 -> 1070.0505 | V39: =MIN(T39,U39) -> 1070.0505 | W39: =Entradas!G13 -> 14364 | X39: =Entradas!$C$20*W39/(Entradas!$C$21*D39*(1-Entradas!G14^2))+J39 -> 175.01015 | Y39: =MIN(V39,X39) -> 175.01015 | Z39: =IF(X39<V39,"Asentamiento",IF(T39<=U39,"Falla (FSICP)","Falla (FSB directo)")) -> Asentamiento | AA39: =MIN(S39/Entradas!$C$28,AO39) -> 1565.2658 | AB39: =MIN(S39/Entradas!$C$29,AU39) -> 2608.7763 | AD39: =DEGREES(ATAN(TAN(RADIANS(G39))/Entradas!$D$27)) -> 23.409639 | AE39: =TAN(RADIANS(45+AD39/2))^2 -> 2.3184131 | AF39: =EXP(PI()*TAN(RADIANS(AD39)))*AE39 -> 9.0340342 | AG39: =(AF39-1)/TAN(RADIANS(AD39)) -> 18.556992 | AH39: =(AF39-1)*TAN(RADIANS(1.4*AD39)) -> 5.1723232 | AI39: =F39/Entradas!$D$27*AG39*(1+0.2*AE39*Entradas!$C$22)*(1+0.2*SQRT(AE39)*Entradas!$C$18/D39)+J39*AF39*(1+0.1*AE39*Entradas!$C$22)*(1+0.1*SQRT(AE39)*Entradas!$C$18/D39)+0.5*I39*D39*AH39*(1+0.1*AE39*Entradas!$C$22)*(1+0.1*SQRT(AE39)*Entradas!$C$18/D39) -> 1070.0505 | AJ39: =DEGREES(ATAN(TAN(RADIANS(G39))/Entradas!$D$28)) -> 27.453053 | AK39: =TAN(RADIANS(45+AJ39/2))^2 -> 2.7107243 | AL39: =EXP(PI()*TAN(RADIANS(AJ39)))*AK39 -> 13.864826 | AM39: =(AL39-1)/TAN(RADIANS(AJ39)) -> 24.762619 | AN39: =(AL39-1)*TAN(RADIANS(1.4*AJ39)) -> 10.209072 | AO39: =F39/Entradas!$D$28*AM39*(1+0.2*AK39*Entradas!$C$22)*(1+0.2*SQRT(AK39)*Entradas!$C$18/D39)+J39*AL39*(1+0.1*AK39*Entradas!$C$22)*(1+0.1*SQRT(AK39)*Entradas!$C$18/D39)+0.5*I39*D39*AN39*(1+0.1*AK39*Entradas!$C$22)*(1+0.1*SQRT(AK39)*Entradas!$C$18/D39) -> 1813.6049 | AP39: =DEGREES(ATAN(TAN(RADIANS(G39))/Entradas!$D$29)) -> 30.556351 | AQ39: =TAN(RADIANS(45+AP39/2))^2 -> 3.0682285 | AR39: =EXP(PI()*TAN(RADIANS(AP39)))*AQ39 -> 19.605382 | AS39: =(AR39-1)/TAN(RADIANS(AP39)) -> 31.514753 | AT39: =(AR39-1)*TAN(RADIANS(1.4*AP39)) -> 17.216044 | AU39: =F39/Entradas!$D$29*AS39*(1+0.2*AQ39*Entradas!$C$22)*(1+0.2*SQRT(AQ39)*Entradas!$C$18/D39)+J39*AR39*(1+0.1*AQ39*Entradas!$C$22)*(1+0.1*SQRT(AQ39)*Entradas!$C$18/D39)+0.5*I39*D39*AT39*(1+0.1*AQ39*Entradas!$C$22)*(1+0.1*SQRT(AQ39)*Entradas!$C$18/D39) -> 2766.0422
A40: S2 | B40: Occidental (Calarcá) | C40: Máximo | D40: 3 | E40: NF profundo | F40: =Entradas!G10 -> 35 | G40: =Entradas!G11 -> 33 | H40: =Entradas!G12 -> 15.6 | I40: =IF(E40="NF en la base",H40-Entradas!$C$19,H40) -> 15.6 | J40: =H40*Entradas!$C$18 -> 23.4 | K40: =TAN(RADIANS(45+G40/2))^2 -> 3.39212 | L40: =EXP(PI()*TAN(RADIANS(G40)))*K40 -> 26.092012 | M40: =(L40-1)/TAN(RADIANS(G40)) -> 38.63831 | N40: =(L40-1)*TAN(RADIANS(1.4*G40)) -> 26.165708 | O40: =1+0.2*K40*Entradas!$C$22 -> 1.678424 | P40: =1+0.1*K40*Entradas!$C$22 -> 1.339212 | Q40: =1+0.2*SQRT(K40)*Entradas!$C$18/D40 -> 1.1841771 | R40: =1+0.1*SQRT(K40)*Entradas!$C$18/D40 -> 1.0920885 | S40: =F40*M40*O40*Q40+J40*L40*P40*R40+0.5*I40*D40*N40*P40*R40 -> 4476.2832 | T40: =S40/Entradas!$C$27 -> 1492.0944 | U40: =AI40 -> 1170.9446 | V40: =MIN(T40,U40) -> 1170.9446 | W40: =Entradas!G13 -> 14364 | X40: =Entradas!$C$20*W40/(Entradas!$C$21*D40*(1-Entradas!G14^2))+J40 -> 175.01015 | Y40: =MIN(V40,X40) -> 175.01015 | Z40: =IF(X40<V40,"Asentamiento",IF(T40<=U40,"Falla (FSICP)","Falla (FSB directo)")) -> Asentamiento | AA40: =MIN(S40/Entradas!$C$28,AO40) -> 1790.5133 | AB40: =MIN(S40/Entradas!$C$29,AU40) -> 2984.1888 | AD40: =DEGREES(ATAN(TAN(RADIANS(G40))/Entradas!$D$27)) -> 23.409639 | AE40: =TAN(RADIANS(45+AD40/2))^2 -> 2.3184131 | AF40: =EXP(PI()*TAN(RADIANS(AD40)))*AE40 -> 9.0340342 | AG40: =(AF40-1)/TAN(RADIANS(AD40)) -> 18.556992 | AH40: =(AF40-1)*TAN(RADIANS(1.4*AD40)) -> 5.1723232 | AI40: =F40/Entradas!$D$27*AG40*(1+0.2*AE40*Entradas!$C$22)*(1+0.2*SQRT(AE40)*Entradas!$C$18/D40)+J40*AF40*(1+0.1*AE40*Entradas!$C$22)*(1+0.1*SQRT(AE40)*Entradas!$C$18/D40)+0.5*I40*D40*AH40*(1+0.1*AE40*Entradas!$C$22)*(1+0.1*SQRT(AE40)*Entradas!$C$18/D40) -> 1170.9446 | AJ40: =DEGREES(ATAN(TAN(RADIANS(G40))/Entradas!$D$28)) -> 27.453053 | AK40: =TAN(RADIANS(45+AJ40/2))^2 -> 2.7107243 | AL40: =EXP(PI()*TAN(RADIANS(AJ40)))*AK40 -> 13.864826 | AM40: =(AL40-1)/TAN(RADIANS(AJ40)) -> 24.762619 | AN40: =(AL40-1)*TAN(RADIANS(1.4*AJ40)) -> 10.209072 | AO40: =F40/Entradas!$D$28*AM40*(1+0.2*AK40*Entradas!$C$22)*(1+0.2*SQRT(AK40)*Entradas!$C$18/D40)+J40*AL40*(1+0.1*AK40*Entradas!$C$22)*(1+0.1*SQRT(AK40)*Entradas!$C$18/D40)+0.5*I40*D40*AN40*(1+0.1*AK40*Entradas!$C$22)*(1+0.1*SQRT(AK40)*Entradas!$C$18/D40) -> 2020.2728 | AP40: =DEGREES(ATAN(TAN(RADIANS(G40))/Entradas!$D$29)) -> 30.556351 | AQ40: =TAN(RADIANS(45+AP40/2))^2 -> 3.0682285 | AR40: =EXP(PI()*TAN(RADIANS(AP40)))*AQ40 -> 19.605382 | AS40: =(AR40-1)/TAN(RADIANS(AP40)) -> 31.514753 | AT40: =(AR40-1)*TAN(RADIANS(1.4*AP40)) -> 17.216044 | AU40: =F40/Entradas!$D$29*AS40*(1+0.2*AQ40*Entradas!$C$22)*(1+0.2*SQRT(AQ40)*Entradas!$C$18/D40)+J40*AR40*(1+0.1*AQ40*Entradas!$C$22)*(1+0.1*SQRT(AQ40)*Entradas!$C$18/D40)+0.5*I40*D40*AT40*(1+0.1*AQ40*Entradas!$C$22)*(1+0.1*SQRT(AQ40)*Entradas!$C$18/D40) -> 3126.1001
A42: Admisible por falla (col. V) = menor entre qult/FSICP (tabla H.4.7-1) y la presión que agota la resistencia reducida por el FSBM (tabla H.2.4-1): así se cumple H.4.7.1, que exige demostrar ambos. Con φ alto el FSICP 3,0 por sí solo NO garantiza FSB ≥ 1,50 (ver hoja «Chequeo H.2.4-1»).
A43: Columnas AA y AB: admisibles por falla para CM+CV máxima (2,5 y 1,25) y con sismo seudoestático (1,5 y 1,10). El sismo entra solo por los FS: no se reduce qult por fuerzas inerciales ni se evalúa licuación o pérdida de resistencia (H.4.2.1 e). El asentamiento se compara solo con CM+CV normal.
A44: Fuente: EM 1110-1-1905 (tablas 4-3 y 4-4), FHWA NHI-06-089 (ec. 8-19, tabla 8-13), FHWA NHI-06-088 (tabla 5-16), NSR-10 Título H. Parámetros de la Act 3.

Sheet Chequeo H.2.4-1
A1: Tabla 6. Factor de seguridad básico directo equivalente (FSB) frente a la tabla H.2.4-1 de la NSR-10 — zapata de B = 2,0 m
A2: H.4.7.1 exige demostrar que los FS indirectos implican FSB directos ≥ tabla H.2.4-1. FSB = F tal que qult(c/F, arctan(tanφ/F)) = qult/FSICP. F lo calcula el script por bisección [CP]; las columnas I a O lo comprueban con fórmulas: la razón de la columna O debe ser igual a FSICP.
A4: Juego | B4: Caso | C4: Nivel freático | D4: Condición | E4: FSICP | F4: qult (kPa) | G4: F = FSB equivalente [CP] | H4: FSBM mín. (H.2.4-1) | I4: c/F (kPa) | J4: φ reducido (°) | K4: Nφ | L4: Nq | M4: Nc | N4: Nγ | O4: qult/qult reducido | P4: ¿El FSICP solo cumple H.2.4-1?
A5: S1 | B5: Mínimo | C5: NF en la base | D5: CM + CV normal | E5: =Entradas!$C$27 -> 3 | F5: =Cálculo!S7 -> 533.47982 | G5: 1.5869 | H5: =Entradas!$D$27 -> 1.5 | I5: =Cálculo!F7/G5 -> 0 | J5: =DEGREES(ATAN(TAN(RADIANS(Cálculo!G7))/G5)) -> 17.800903 | K5: =TAN(RADIANS(45+J5/2))^2 -> 1.880642 | L5: =EXP(PI()*TAN(RADIANS(J5)))*K5 -> 5.1568343 | M5: =(L5-1)/TAN(RADIANS(J5)) -> 12.946322 | N5: =(L5-1)*TAN(RADIANS(1.4*J5)) -> 1.9314137 | O5: =F5/(I5*M5*(1+0.2*K5*Entradas!$C$22)*(1+0.2*SQRT(K5)*Entradas!$C$18/2)+Cálculo!J7*L5*(1+0.1*K5*Entradas!$C$22)*(1+0.1*SQRT(K5)*Entradas!$C$18/2)+0.5*Cálculo!I7*2*N5*(1+0.1*K5*Entradas!$C$22)*(1+0.1*SQRT(K5)*Entradas!$C$18/2)) -> 2.9999813 | P5: =IF(G5>=H5,"Sí","NO") -> Sí
A6: S1 | B6: Mínimo | C6: NF en la base | D6: CM + CV máxima | E6: =Entradas!$C$28 -> 2.5 | F6: =Cálculo!S7 -> 533.47982 | G6: 1.4462 | H6: =Entradas!$D$28 -> 1.25 | I6: =Cálculo!F7/G6 -> 0 | J6: =DEGREES(ATAN(TAN(RADIANS(Cálculo!G7))/G6)) -> 19.40839 | K6: =TAN(RADIANS(45+J6/2))^2 -> 1.9953538 | L6: =EXP(PI()*TAN(RADIANS(J6)))*K6 -> 6.0355554 | M6: =(L6-1)/TAN(RADIANS(J6)) -> 14.292554 | N6: =(L6-1)*TAN(RADIANS(1.4*J6)) -> 2.5847856 | O6: =F6/(I6*M6*(1+0.2*K6*Entradas!$C$22)*(1+0.2*SQRT(K6)*Entradas!$C$18/2)+Cálculo!J7*L6*(1+0.1*K6*Entradas!$C$22)*(1+0.1*SQRT(K6)*Entradas!$C$18/2)+0.5*Cálculo!I7*2*N6*(1+0.1*K6*Entradas!$C$22)*(1+0.1*SQRT(K6)*Entradas!$C$18/2)) -> 2.5000156 | P6: =IF(G6>=H6,"Sí","NO") -> Sí
A7: S1 | B7: Mínimo | C7: NF en la base | D7: CM + CV normal + sismo seudoestático | E7: =Entradas!$C$29 -> 1.5 | F7: =Cálculo!S7 -> 533.47982 | G7: 1.1583 | H7: =Entradas!$D$29 -> 1.1 | I7: =Cálculo!F7/G7 -> 0 | J7: =DEGREES(ATAN(TAN(RADIANS(Cálculo!G7))/G7)) -> 23.74425 | K7: =TAN(RADIANS(45+J7/2))^2 -> 2.3481479 | L7: =EXP(PI()*TAN(RADIANS(J7)))*K7 -> 9.3519458 | M7: =(L7-1)/TAN(RADIANS(J7)) -> 18.986409 | N7: =(L7-1)*TAN(RADIANS(1.4*J7)) -> 5.4740979 | O7: =F7/(I7*M7*(1+0.2*K7*Entradas!$C$22)*(1+0.2*SQRT(K7)*Entradas!$C$18/2)+Cálculo!J7*L7*(1+0.1*K7*Entradas!$C$22)*(1+0.1*SQRT(K7)*Entradas!$C$18/2)+0.5*Cálculo!I7*2*N7*(1+0.1*K7*Entradas!$C$22)*(1+0.1*SQRT(K7)*Entradas!$C$18/2)) -> 1.500004 | P7: =IF(G7>=H7,"Sí","NO") -> Sí
A8: S1 | B8: Mínimo | C8: NF profundo | D8: CM + CV normal | E8: =Entradas!$C$27 -> 3 | F8: =Cálculo!S8 -> 665.41441 | G8: 1.5195 | H8: =Entradas!$D$27 -> 1.5 | I8: =Cálculo!F8/G8 -> 0 | J8: =DEGREES(ATAN(TAN(RADIANS(Cálculo!G8))/G8)) -> 18.53756 | K8: =TAN(RADIANS(45+J8/2))^2 -> 1.9322343 | L8: =EXP(PI()*TAN(RADIANS(J8)))*K8 -> 5.5407491 | M8: =(L8-1)/TAN(RADIANS(J8)) -> 13.541361 | N8: =(L8-1)*TAN(RADIANS(1.4*J8)) -> 2.2100215 | O8: =F8/(I8*M8*(1+0.2*K8*Entradas!$C$22)*(1+0.2*SQRT(K8)*Entradas!$C$18/2)+Cálculo!J8*L8*(1+0.1*K8*Entradas!$C$22)*(1+0.1*SQRT(K8)*Entradas!$C$18/2)+0.5*Cálculo!I8*2*N8*(1+0.1*K8*Entradas!$C$22)*(1+0.1*SQRT(K8)*Entradas!$C$18/2)) -> 2.9999817 | P8: =IF(G8>=H8,"Sí","NO") -> Sí
A9: S1 | B9: Mínimo | C9: NF profundo | D9: CM + CV máxima | E9: =Entradas!$C$28 -> 2.5 | F9: =Cálculo!S8 -> 665.41441 | G9: 1.3994 | H9: =Entradas!$D$28 -> 1.25 | I9: =Cálculo!F8/G9 -> 0 | J9: =DEGREES(ATAN(TAN(RADIANS(Cálculo!G8))/G9)) -> 20.006706 | K9: =TAN(RADIANS(45+J9/2))^2 -> 2.0401149 | L9: =EXP(PI()*TAN(RADIANS(J9)))*K9 -> 6.4036542 | M9: =(L9-1)/TAN(RADIANS(J9)) -> 14.841013 | N9: =(L9-1)*TAN(RADIANS(1.4*J9)) -> 2.8743098 | O9: =F9/(I9*M9*(1+0.2*K9*Entradas!$C$22)*(1+0.2*SQRT(K9)*Entradas!$C$18/2)+Cálculo!J8*L9*(1+0.1*K9*Entradas!$C$22)*(1+0.1*SQRT(K9)*Entradas!$C$18/2)+0.5*Cálculo!I8*2*N9*(1+0.1*K9*Entradas!$C$22)*(1+0.1*SQRT(K9)*Entradas!$C$18/2)) -> 2.4999875 | P9: =IF(G9>=H9,"Sí","NO") -> Sí
A10: S1 | B10: Mínimo | C10: NF profundo | D10: CM + CV normal + sismo seudoestático | E10: =Entradas!$C$29 -> 1.5 | F10: =Cálculo!S8 -> 665.41441 | G10: 1.145 | H10: =Entradas!$D$29 -> 1.1 | I10: =Cálculo!F8/G10 -> 0 | J10: =DEGREES(ATAN(TAN(RADIANS(Cálculo!G8))/G10)) -> 23.989083 | K10: =TAN(RADIANS(45+J10/2))^2 -> 2.3701952 | L10: =EXP(PI()*TAN(RADIANS(J10)))*K10 -> 9.5925071 | M10: =(L10-1)/TAN(RADIANS(J10)) -> 19.308988 | N10: =(L10-1)*TAN(RADIANS(1.4*J10)) -> 5.7055448 | O10: =F10/(I10*M10*(1+0.2*K10*Entradas!$C$22)*(1+0.2*SQRT(K10)*Entradas!$C$18/2)+Cálculo!J8*L10*(1+0.1*K10*Entradas!$C$22)*(1+0.1*SQRT(K10)*Entradas!$C$18/2)+0.5*Cálculo!I8*2*N10*(1+0.1*K10*Entradas!$C$22)*(1+0.1*SQRT(K10)*Entradas!$C$18/2)) -> 1.4999142 | P10: =IF(G10>=H10,"Sí","NO") -> Sí
A11: S1 | B11: Típico | C11: NF en la base | D11: CM + CV normal | E11: =Entradas!$C$27 -> 3 | F11: =Cálculo!S13 -> 1765.9948 | G11: 1.4611 | H11: =Entradas!$D$27 -> 1.5 | I11: =Cálculo!F13/G11 -> 10.266238 | J11: =DEGREES(ATAN(TAN(RADIANS(Cálculo!G13))/G11)) -> 21.561339 | K11: =TAN(RADIANS(45+J11/2))^2 -> 2.1620408 | L11: =EXP(PI()*TAN(RADIANS(J11)))*K11 -> 7.4815921 | M11: =(L11-1)/TAN(RADIANS(J11)) -> 16.402961 | N11: =(L11-1)*TAN(RADIANS(1.4*J11)) -> 3.7702377 | O11: =F11/(I11*M11*(1+0.2*K11*Entradas!$C$22)*(1+0.2*SQRT(K11)*Entradas!$C$18/2)+Cálculo!J13*L11*(1+0.1*K11*Entradas!$C$22)*(1+0.1*SQRT(K11)*Entradas!$C$18/2)+0.5*Cálculo!I13*2*N11*(1+0.1*K11*Entradas!$C$22)*(1+0.1*SQRT(K11)*Entradas!$C$18/2)) -> 3.000153 | P11: =IF(G11>=H11,"Sí","NO") -> NO
A12: S1 | B12: Típico | C12: NF en la base | D12: CM + CV máxima | E12: =Entradas!$C$28 -> 2.5 | F12: =Cálculo!S13 -> 1765.9948 | G12: 1.3592 | H12: =Entradas!$D$28 -> 1.25 | I12: =Cálculo!F13/G12 -> 11.035903 | J12: =DEGREES(ATAN(TAN(RADIANS(Cálculo!G13))/G12)) -> 23.014432 | K12: =TAN(RADIANS(45+J12/2))^2 -> 2.2838726 | L12: =EXP(PI()*TAN(RADIANS(J12)))*K12 -> 8.67403 | M12: =(L12-1)/TAN(RADIANS(J12)) -> 18.066228 | N12: =(L12-1)*TAN(RADIANS(1.4*J12)) -> 4.8363749 | O12: =F12/(I12*M12*(1+0.2*K12*Entradas!$C$22)*(1+0.2*SQRT(K12)*Entradas!$C$18/2)+Cálculo!J13*L12*(1+0.1*K12*Entradas!$C$22)*(1+0.1*SQRT(K12)*Entradas!$C$18/2)+0.5*Cálculo!I13*2*N12*(1+0.1*K12*Entradas!$C$22)*(1+0.1*SQRT(K12)*Entradas!$C$18/2)) -> 2.500186 | P12: =IF(G12>=H12,"Sí","NO") -> Sí
A13: S1 | B13: Típico | C13: NF en la base | D13: CM + CV normal + sismo seudoestático | E13: =Entradas!$C$29 -> 1.5 | F13: =Cálculo!S13 -> 1765.9948 | G13: 1.1339 | H13: =Entradas!$D$29 -> 1.1 | I13: =Cálculo!F13/G13 -> 13.22868 | J13: =DEGREES(ATAN(TAN(RADIANS(Cálculo!G13))/G13)) -> 26.983926 | K13: =TAN(RADIANS(45+J13/2))^2 -> 2.6612637 | L13: =EXP(PI()*TAN(RADIANS(J13)))*K13 -> 13.176204 | M13: =(L13-1)/TAN(RADIANS(J13)) -> 23.913729 | N13: =(L13-1)*TAN(RADIANS(1.4*J13)) -> 9.4371744 | O13: =F13/(I13*M13*(1+0.2*K13*Entradas!$C$22)*(1+0.2*SQRT(K13)*Entradas!$C$18/2)+Cálculo!J13*L13*(1+0.1*K13*Entradas!$C$22)*(1+0.1*SQRT(K13)*Entradas!$C$18/2)+0.5*Cálculo!I13*2*N13*(1+0.1*K13*Entradas!$C$22)*(1+0.1*SQRT(K13)*Entradas!$C$18/2)) -> 1.5001441 | P13: =IF(G13>=H13,"Sí","NO") -> Sí
A14: S1 | B14: Típico | C14: NF profundo | D14: CM + CV normal | E14: =Entradas!$C$27 -> 3 | F14: =Cálculo!S14 -> 1991.766 | G14: 1.4389 | H14: =Entradas!$D$27 -> 1.5 | I14: =Cálculo!F14/G14 -> 10.42463 | J14: =DEGREES(ATAN(TAN(RADIANS(Cálculo!G14))/G14)) -> 21.862837 | K14: =TAN(RADIANS(45+J14/2))^2 -> 2.1866716 | L14: =EXP(PI()*TAN(RADIANS(J14)))*K14 -> 7.7131477 | M14: =(L14-1)/TAN(RADIANS(J14)) -> 16.730828 | N14: =(L14-1)*TAN(RADIANS(1.4*J14)) -> 3.9714054 | O14: =F14/(I14*M14*(1+0.2*K14*Entradas!$C$22)*(1+0.2*SQRT(K14)*Entradas!$C$18/2)+Cálculo!J14*L14*(1+0.1*K14*Entradas!$C$22)*(1+0.1*SQRT(K14)*Entradas!$C$18/2)+0.5*Cálculo!I14*2*N14*(1+0.1*K14*Entradas!$C$22)*(1+0.1*SQRT(K14)*Entradas!$C$18/2)) -> 2.9997644 | P14: =IF(G14>=H14,"Sí","NO") -> NO
A15: S1 | B15: Típico | C15: NF profundo | D15: CM + CV máxima | E15: =Entradas!$C$28 -> 2.5 | F15: =Cálculo!S14 -> 1991.766 | G15: 1.343 | H15: =Entradas!$D$28 -> 1.25 | I15: =Cálculo!F14/G15 -> 11.169025 | J15: =DEGREES(ATAN(TAN(RADIANS(Cálculo!G14))/G15)) -> 23.262674 | K15: =TAN(RADIANS(45+J15/2))^2 -> 2.305496 | L15: =EXP(PI()*TAN(RADIANS(J15)))*K15 -> 8.8982427 | M15: =(L15-1)/TAN(RADIANS(J15)) -> 18.372452 | N15: =(L15-1)*TAN(RADIANS(1.4*J15)) -> 5.0448739 | O15: =F15/(I15*M15*(1+0.2*K15*Entradas!$C$22)*(1+0.2*SQRT(K15)*Entradas!$C$18/2)+Cálculo!J14*L15*(1+0.1*K15*Entradas!$C$22)*(1+0.1*SQRT(K15)*Entradas!$C$18/2)+0.5*Cálculo!I14*2*N15*(1+0.1*K15*Entradas!$C$22)*(1+0.1*SQRT(K15)*Entradas!$C$18/2)) -> 2.5000939 | P15: =IF(G15>=H15,"Sí","NO") -> Sí
A16: S1 | B16: Típico | C16: NF profundo | D16: CM + CV normal + sismo seudoestático | E16: =Entradas!$C$29 -> 1.5 | F16: =Cálculo!S14 -> 1991.766 | G16: 1.1287 | H16: =Entradas!$D$29 -> 1.1 | I16: =Cálculo!F14/G16 -> 13.289625 | J16: =DEGREES(ATAN(TAN(RADIANS(Cálculo!G14))/G16)) -> 27.090558 | K16: =TAN(RADIANS(45+J16/2))^2 -> 2.6724079 | L16: =EXP(PI()*TAN(RADIANS(J16)))*K16 -> 13.32925 | M16: =(L16-1)/TAN(RADIANS(J16)) -> 24.103261 | N16: =(L16-1)*TAN(RADIANS(1.4*J16)) -> 9.6073175 | O16: =F16/(I16*M16*(1+0.2*K16*Entradas!$C$22)*(1+0.2*SQRT(K16)*Entradas!$C$18/2)+Cálculo!J14*L16*(1+0.1*K16*Entradas!$C$22)*(1+0.1*SQRT(K16)*Entradas!$C$18/2)+0.5*Cálculo!I14*2*N16*(1+0.1*K16*Entradas!$C$22)*(1+0.1*SQRT(K16)*Entradas!$C$18/2)) -> 1.4998837 | P16: =IF(G16>=H16,"Sí","NO") -> Sí
A17: S1 | B17: Máximo | C17: NF en la base | D17: CM + CV normal | E17: =Entradas!$C$27 -> 3 | F17: =Cálculo!S19 -> 3372.0303 | G17: 1.4139 | H17: =Entradas!$D$27 -> 1.5 | I17: =Cálculo!F19/G17 -> 20.510644 | J17: =DEGREES(ATAN(TAN(RADIANS(Cálculo!G19))/G17)) -> 23.842905 | K17: =TAN(RADIANS(45+J17/2))^2 -> 2.3570021 | L17: =EXP(PI()*TAN(RADIANS(J17)))*K17 -> 9.4480562 | M17: =(L17-1)/TAN(RADIANS(J17)) -> 19.115527 | N17: =(L17-1)*TAN(RADIANS(1.4*J17)) -> 5.5662508 | O17: =F17/(I17*M17*(1+0.2*K17*Entradas!$C$22)*(1+0.2*SQRT(K17)*Entradas!$C$18/2)+Cálculo!J19*L17*(1+0.1*K17*Entradas!$C$22)*(1+0.1*SQRT(K17)*Entradas!$C$18/2)+0.5*Cálculo!I19*2*N17*(1+0.1*K17*Entradas!$C$22)*(1+0.1*SQRT(K17)*Entradas!$C$18/2)) -> 2.9997985 | P17: =IF(G17>=H17,"Sí","NO") -> NO
A18: S1 | B18: Máximo | C18: NF en la base | D18: CM + CV máxima | E18: =Entradas!$C$28 -> 2.5 | F18: =Cálculo!S19 -> 3372.0303 | G18: 1.3248 | H18: =Entradas!$D$28 -> 1.25 | I18: =Cálculo!F19/G18 -> 21.890097 | J18: =DEGREES(ATAN(TAN(RADIANS(Cálculo!G19))/G18)) -> 25.251879 | K18: =TAN(RADIANS(45+J18/2))^2 -> 2.4879568 | L18: =EXP(PI()*TAN(RADIANS(J18)))*K18 -> 10.949119 | M18: =(L18-1)/TAN(RADIANS(J18)) -> 21.093359 | N18: =(L18-1)*TAN(RADIANS(1.4*J18)) -> 7.0580987 | O18: =F18/(I18*M18*(1+0.2*K18*Entradas!$C$22)*(1+0.2*SQRT(K18)*Entradas!$C$18/2)+Cálculo!J19*L18*(1+0.1*K18*Entradas!$C$22)*(1+0.1*SQRT(K18)*Entradas!$C$18/2)+0.5*Cálculo!I19*2*N18*(1+0.1*K18*Entradas!$C$22)*(1+0.1*SQRT(K18)*Entradas!$C$18/2)) -> 2.5002542 | P18: =IF(G18>=H18,"Sí","NO") -> Sí
A19: S1 | B19: Máximo | C19: NF en la base | D19: CM + CV normal + sismo seudoestático | E19: =Entradas!$C$29 -> 1.5 | F19: =Cálculo!S19 -> 3372.0303 | G19: 1.123 | H19: =Entradas!$D$29 -> 1.1 | I19: =Cálculo!F19/G19 -> 25.823687 | J19: =DEGREES(ATAN(TAN(RADIANS(Cálculo!G19))/G19)) -> 29.092815 | K19: =TAN(RADIANS(45+J19/2))^2 -> 2.8927608 | L19: =EXP(PI()*TAN(RADIANS(J19)))*K19 -> 16.614626 | M19: =(L19-1)/TAN(RADIANS(J19)) -> 28.062227 | N19: =(L19-1)*TAN(RADIANS(1.4*J19)) -> 13.444901 | O19: =F19/(I19*M19*(1+0.2*K19*Entradas!$C$22)*(1+0.2*SQRT(K19)*Entradas!$C$18/2)+Cálculo!J19*L19*(1+0.1*K19*Entradas!$C$22)*(1+0.1*SQRT(K19)*Entradas!$C$18/2)+0.5*Cálculo!I19*2*N19*(1+0.1*K19*Entradas!$C$22)*(1+0.1*SQRT(K19)*Entradas!$C$18/2)) -> 1.5000224 | P19: =IF(G19>=H19,"Sí","NO") -> Sí
A20: S1 | B20: Máximo | C20: NF profundo | D20: CM + CV normal | E20: =Entradas!$C$27 -> 3 | F20: =Cálculo!S20 -> 3697.1278 | G20: 1.4002 | H20: =Entradas!$D$27 -> 1.5 | I20: =Cálculo!F20/G20 -> 20.711327 | J20: =DEGREES(ATAN(TAN(RADIANS(Cálculo!G20))/G20)) -> 24.049845 | K20: =TAN(RADIANS(45+J20/2))^2 -> 2.3757054 | L20: =EXP(PI()*TAN(RADIANS(J20)))*K20 -> 9.6532791 | M20: =(L20-1)/TAN(RADIANS(J20)) -> 19.390167 | N20: =(L20-1)*TAN(RADIANS(1.4*J20)) -> 5.7644286 | O20: =F20/(I20*M20*(1+0.2*K20*Entradas!$C$22)*(1+0.2*SQRT(K20)*Entradas!$C$18/2)+Cálculo!J20*L20*(1+0.1*K20*Entradas!$C$22)*(1+0.1*SQRT(K20)*Entradas!$C$18/2)+0.5*Cálculo!I20*2*N20*(1+0.1*K20*Entradas!$C$22)*(1+0.1*SQRT(K20)*Entradas!$C$18/2)) -> 2.9997548 | P20: =IF(G20>=H20,"Sí","NO") -> NO
A21: S1 | B21: Máximo | C21: NF profundo | D21: CM + CV máxima | E21: =Entradas!$C$28 -> 2.5 | F21: =Cálculo!S20 -> 3697.1278 | G21: 1.3146 | H21: =Entradas!$D$28 -> 1.25 | I21: =Cálculo!F20/G21 -> 22.059942 | J21: =DEGREES(ATAN(TAN(RADIANS(Cálculo!G20))/G21)) -> 25.423162 | K21: =TAN(RADIANS(45+J21/2))^2 -> 2.5044699 | L21: =EXP(PI()*TAN(RADIANS(J21)))*K21 -> 11.149243 | M21: =(L21-1)/TAN(RADIANS(J21)) -> 21.351975 | N21: =(L21-1)*TAN(RADIANS(1.4*J21)) -> 7.2641154 | O21: =F21/(I21*M21*(1+0.2*K21*Entradas!$C$22)*(1+0.2*SQRT(K21)*Entradas!$C$18/2)+Cálculo!J20*L21*(1+0.1*K21*Entradas!$C$22)*(1+0.1*SQRT(K21)*Entradas!$C$18/2)+0.5*Cálculo!I20*2*N21*(1+0.1*K21*Entradas!$C$22)*(1+0.1*SQRT(K21)*Entradas!$C$18/2)) -> 2.5001169 | P21: =IF(G21>=H21,"Sí","NO") -> Sí
A22: S1 | B22: Máximo | C22: NF profundo | D22: CM + CV normal + sismo seudoestático | E22: =Entradas!$C$29 -> 1.5 | F22: =Cálculo!S20 -> 3697.1278 | G22: 1.1196 | H22: =Entradas!$D$29 -> 1.1 | I22: =Cálculo!F20/G22 -> 25.902108 | J22: =DEGREES(ATAN(TAN(RADIANS(Cálculo!G20))/G22)) -> 29.16669 | K22: =TAN(RADIANS(45+J22/2))^2 -> 2.901313 | L22: =EXP(PI()*TAN(RADIANS(J22)))*K22 -> 16.752442 | M22: =(L22-1)/TAN(RADIANS(J22)) -> 28.224195 | N22: =(L22-1)*TAN(RADIANS(1.4*J22)) -> 13.613159 | O22: =F22/(I22*M22*(1+0.2*K22*Entradas!$C$22)*(1+0.2*SQRT(K22)*Entradas!$C$18/2)+Cálculo!J20*L22*(1+0.1*K22*Entradas!$C$22)*(1+0.1*SQRT(K22)*Entradas!$C$18/2)+0.5*Cálculo!I20*2*N22*(1+0.1*K22*Entradas!$C$22)*(1+0.1*SQRT(K22)*Entradas!$C$18/2)) -> 1.4998139 | P22: =IF(G22>=H22,"Sí","NO") -> Sí
A23: S2 | B23: Mínimo | C23: NF en la base | D23: CM + CV normal | E23: =Entradas!$C$27 -> 3 | F23: =Cálculo!S25 -> 708.8855 | G23: 1.6707 | H23: =Entradas!$D$27 -> 1.5 | I23: =Cálculo!F25/G23 -> 8.9782726 | J23: =DEGREES(ATAN(TAN(RADIANS(Cálculo!G25))/G23)) -> 14.255511 | K23: =TAN(RADIANS(45+J23/2))^2 -> 1.6533874 | L23: =EXP(PI()*TAN(RADIANS(J23)))*K23 -> 3.6730072 | M23: =(L23-1)/TAN(RADIANS(J23)) -> 10.520749 | N23: =(L23-1)*TAN(RADIANS(1.4*J23)) -> 0.97066165 | O23: =F23/(I23*M23*(1+0.2*K23*Entradas!$C$22)*(1+0.2*SQRT(K23)*Entradas!$C$18/2)+Cálculo!J25*L23*(1+0.1*K23*Entradas!$C$22)*(1+0.1*SQRT(K23)*Entradas!$C$18/2)+0.5*Cálculo!I25*2*N23*(1+0.1*K23*Entradas!$C$22)*(1+0.1*SQRT(K23)*Entradas!$C$18/2)) -> 2.9999363 | P23: =IF(G23>=H23,"Sí","NO") -> Sí
A24: S2 | B24: Mínimo | C24: NF en la base | D24: CM + CV máxima | E24: =Entradas!$C$28 -> 2.5 | F24: =Cálculo!S25 -> 708.8855 | G24: 1.5111 | H24: =Entradas!$D$28 -> 1.25 | I24: =Cálculo!F25/G24 -> 9.9265436 | J24: =DEGREES(ATAN(TAN(RADIANS(Cálculo!G25))/G24)) -> 15.690292 | K24: =TAN(RADIANS(45+J24/2))^2 -> 1.7413684 | L24: =EXP(PI()*TAN(RADIANS(J24)))*K24 -> 4.2087209 | M24: =(L24-1)/TAN(RADIANS(J24)) -> 11.422817 | N24: =(L24-1)*TAN(RADIANS(1.4*J24)) -> 1.2942197 | O24: =F24/(I24*M24*(1+0.2*K24*Entradas!$C$22)*(1+0.2*SQRT(K24)*Entradas!$C$18/2)+Cálculo!J25*L24*(1+0.1*K24*Entradas!$C$22)*(1+0.1*SQRT(K24)*Entradas!$C$18/2)+0.5*Cálculo!I25*2*N24*(1+0.1*K24*Entradas!$C$22)*(1+0.1*SQRT(K24)*Entradas!$C$18/2)) -> 2.4998714 | P24: =IF(G24>=H24,"Sí","NO") -> Sí
A25: S2 | B25: Mínimo | C25: NF en la base | D25: CM + CV normal + sismo seudoestático | E25: =Entradas!$C$29 -> 1.5 | F25: =Cálculo!S25 -> 708.8855 | G25: 1.181 | H25: =Entradas!$D$29 -> 1.1 | I25: =Cálculo!F25/G25 -> 12.701101 | J25: =DEGREES(ATAN(TAN(RADIANS(Cálculo!G25))/G25)) -> 19.769443 | K25: =TAN(RADIANS(45+J25/2))^2 -> 2.0222258 | L25: =EXP(PI()*TAN(RADIANS(J25)))*K25 -> 6.254802 | M25: =(L25-1)/TAN(RADIANS(J25)) -> 14.620234 | N25: =(L25-1)*TAN(RADIANS(1.4*J25)) -> 2.7561683 | O25: =F25/(I25*M25*(1+0.2*K25*Entradas!$C$22)*(1+0.2*SQRT(K25)*Entradas!$C$18/2)+Cálculo!J25*L25*(1+0.1*K25*Entradas!$C$22)*(1+0.1*SQRT(K25)*Entradas!$C$18/2)+0.5*Cálculo!I25*2*N25*(1+0.1*K25*Entradas!$C$22)*(1+0.1*SQRT(K25)*Entradas!$C$18/2)) -> 1.4998709 | P25: =IF(G25>=H25,"Sí","NO") -> Sí
A26: S2 | B26: Mínimo | C26: NF profundo | D26: CM + CV normal | E26: =Entradas!$C$27 -> 3 | F26: =Cálculo!S26 -> 773.60429 | G26: 1.637 | H26: =Entradas!$D$27 -> 1.5 | I26: =Cálculo!F26/G26 -> 9.1631032 | J26: =DEGREES(ATAN(TAN(RADIANS(Cálculo!G26))/G26)) -> 14.536666 | K26: =TAN(RADIANS(45+J26/2))^2 -> 1.6702252 | L26: =EXP(PI()*TAN(RADIANS(J26)))*K26 -> 3.7718848 | M26: =(L26-1)/TAN(RADIANS(J26)) -> 10.689858 | N26: =(L26-1)*TAN(RADIANS(1.4*J26)) -> 1.0281754 | O26: =F26/(I26*M26*(1+0.2*K26*Entradas!$C$22)*(1+0.2*SQRT(K26)*Entradas!$C$18/2)+Cálculo!J26*L26*(1+0.1*K26*Entradas!$C$22)*(1+0.1*SQRT(K26)*Entradas!$C$18/2)+0.5*Cálculo!I26*2*N26*(1+0.1*K26*Entradas!$C$22)*(1+0.1*SQRT(K26)*Entradas!$C$18/2)) -> 3.0001326 | P26: =IF(G26>=H26,"Sí","NO") -> Sí
A27: S2 | B27: Mínimo | C27: NF profundo | D27: CM + CV máxima | E27: =Entradas!$C$28 -> 2.5 | F27: =Cálculo!S26 -> 773.60429 | G27: 1.4873 | H27: =Entradas!$D$28 -> 1.25 | I27: =Cálculo!F26/G27 -> 10.08539 | J27: =DEGREES(ATAN(TAN(RADIANS(Cálculo!G26))/G27)) -> 15.928725 | K27: =TAN(RADIANS(45+J27/2))^2 -> 1.7564967 | L27: =EXP(PI()*TAN(RADIANS(J27)))*K27 -> 4.3056605 | M27: =(L27-1)/TAN(RADIANS(J27)) -> 11.582569 | N27: =(L27-1)*TAN(RADIANS(1.4*J27)) -> 1.3557647 | O27: =F27/(I27*M27*(1+0.2*K27*Entradas!$C$22)*(1+0.2*SQRT(K27)*Entradas!$C$18/2)+Cálculo!J26*L27*(1+0.1*K27*Entradas!$C$22)*(1+0.1*SQRT(K27)*Entradas!$C$18/2)+0.5*Cálculo!I26*2*N27*(1+0.1*K27*Entradas!$C$22)*(1+0.1*SQRT(K27)*Entradas!$C$18/2)) -> 2.5001562 | P27: =IF(G27>=H27,"Sí","NO") -> Sí
A28: S2 | B28: Mínimo | C28: NF profundo | D28: CM + CV normal + sismo seudoestático | E28: =Entradas!$C$29 -> 1.5 | F28: =Cálculo!S26 -> 773.60429 | G28: 1.1741 | H28: =Entradas!$D$29 -> 1.1 | I28: =Cálculo!F26/G28 -> 12.775743 | J28: =DEGREES(ATAN(TAN(RADIANS(Cálculo!G26))/G28)) -> 19.876549 | K28: =TAN(RADIANS(45+J28/2))^2 -> 2.0302785 | L28: =EXP(PI()*TAN(RADIANS(J28)))*K28 -> 6.3215189 | M28: =(L28-1)/TAN(RADIANS(J28)) -> 14.719355 | N28: =(L28-1)*TAN(RADIANS(1.4*J28)) -> 2.8089442 | O28: =F28/(I28*M28*(1+0.2*K28*Entradas!$C$22)*(1+0.2*SQRT(K28)*Entradas!$C$18/2)+Cálculo!J26*L28*(1+0.1*K28*Entradas!$C$22)*(1+0.1*SQRT(K28)*Entradas!$C$18/2)+0.5*Cálculo!I26*2*N28*(1+0.1*K28*Entradas!$C$22)*(1+0.1*SQRT(K28)*Entradas!$C$18/2)) -> 1.5001392 | P28: =IF(G28>=H28,"Sí","NO") -> Sí
A29: S2 | B29: Típico | C29: NF en la base | D29: CM + CV normal | E29: =Entradas!$C$27 -> 3 | F29: =Cálculo!S31 -> 1740.1474 | G29: 1.5048 | H29: =Entradas!$D$27 -> 1.5 | I29: =Cálculo!F31/G29 -> 16.613503 | J29: =DEGREES(ATAN(TAN(RADIANS(Cálculo!G31))/G29)) -> 19.460467 | K29: =TAN(RADIANS(45+J29/2))^2 -> 1.9992039 | L29: =EXP(PI()*TAN(RADIANS(J29)))*K29 -> 6.0666496 | M29: =(L29-1)/TAN(RADIANS(J29)) -> 14.339212 | N29: =(L29-1)*TAN(RADIANS(1.4*J29)) -> 2.6088979 | O29: =F29/(I29*M29*(1+0.2*K29*Entradas!$C$22)*(1+0.2*SQRT(K29)*Entradas!$C$18/2)+Cálculo!J31*L29*(1+0.1*K29*Entradas!$C$22)*(1+0.1*SQRT(K29)*Entradas!$C$18/2)+0.5*Cálculo!I31*2*N29*(1+0.1*K29*Entradas!$C$22)*(1+0.1*SQRT(K29)*Entradas!$C$18/2)) -> 3.000142 | P29: =IF(G29>=H29,"Sí","NO") -> Sí
A30: S2 | B30: Típico | C30: NF en la base | D30: CM + CV máxima | E30: =Entradas!$C$28 -> 2.5 | F30: =Cálculo!S31 -> 1740.1474 | G30: 1.392 | H30: =Entradas!$D$28 -> 1.25 | I30: =Cálculo!F31/G30 -> 17.95977 | J30: =DEGREES(ATAN(TAN(RADIANS(Cálculo!G31))/G30)) -> 20.905615 | K30: =TAN(RADIANS(45+J30/2))^2 -> 2.1095956 | L30: =EXP(PI()*TAN(RADIANS(J30)))*K30 -> 7.0041768 | M30: =(L30-1)/TAN(RADIANS(J30)) -> 15.718762 | N30: =(L30-1)*TAN(RADIANS(1.4*J30)) -> 3.3649598 | O30: =F30/(I30*M30*(1+0.2*K30*Entradas!$C$22)*(1+0.2*SQRT(K30)*Entradas!$C$18/2)+Cálculo!J31*L30*(1+0.1*K30*Entradas!$C$22)*(1+0.1*SQRT(K30)*Entradas!$C$18/2)+0.5*Cálculo!I31*2*N30*(1+0.1*K30*Entradas!$C$22)*(1+0.1*SQRT(K30)*Entradas!$C$18/2)) -> 2.5001745 | P30: =IF(G30>=H30,"Sí","NO") -> Sí
A31: S2 | B31: Típico | C31: NF en la base | D31: CM + CV normal + sismo seudoestático | E31: =Entradas!$C$29 -> 1.5 | F31: =Cálculo!S31 -> 1740.1474 | G31: 1.1449 | H31: =Entradas!$D$29 -> 1.1 | I31: =Cálculo!F31/G31 -> 21.835968 | J31: =DEGREES(ATAN(TAN(RADIANS(Cálculo!G31))/G31)) -> 24.910891 | K31: =TAN(RADIANS(45+J31/2))^2 -> 2.4554741 | L31: =EXP(PI()*TAN(RADIANS(J31)))*K31 -> 10.562654 | M31: =(L31-1)/TAN(RADIANS(J31)) -> 20.590724 | N31: =(L31-1)*TAN(RADIANS(1.4*J31)) -> 6.6648597 | O31: =F31/(I31*M31*(1+0.2*K31*Entradas!$C$22)*(1+0.2*SQRT(K31)*Entradas!$C$18/2)+Cálculo!J31*L31*(1+0.1*K31*Entradas!$C$22)*(1+0.1*SQRT(K31)*Entradas!$C$18/2)+0.5*Cálculo!I31*2*N31*(1+0.1*K31*Entradas!$C$22)*(1+0.1*SQRT(K31)*Entradas!$C$18/2)) -> 1.5001742 | P31: =IF(G31>=H31,"Sí","NO") -> Sí
A32: S2 | B32: Típico | C32: NF profundo | D32: CM + CV normal | E32: =Entradas!$C$27 -> 3 | F32: =Cálculo!S32 -> 1897.8193 | G32: 1.4857 | H32: =Entradas!$D$27 -> 1.5 | I32: =Cálculo!F32/G32 -> 16.827085 | J32: =DEGREES(ATAN(TAN(RADIANS(Cálculo!G32))/G32)) -> 19.691516 | K32: =TAN(RADIANS(45+J32/2))^2 -> 2.0163904 | L32: =EXP(PI()*TAN(RADIANS(J32)))*K32 -> 6.2067487 | M32: =(L32-1)/TAN(RADIANS(J32)) -> 14.548673 | N32: =(L32-1)*TAN(RADIANS(1.4*J32)) -> 2.7183349 | O32: =F32/(I32*M32*(1+0.2*K32*Entradas!$C$22)*(1+0.2*SQRT(K32)*Entradas!$C$18/2)+Cálculo!J32*L32*(1+0.1*K32*Entradas!$C$22)*(1+0.1*SQRT(K32)*Entradas!$C$18/2)+0.5*Cálculo!I32*2*N32*(1+0.1*K32*Entradas!$C$22)*(1+0.1*SQRT(K32)*Entradas!$C$18/2)) -> 2.9999321 | P32: =IF(G32>=H32,"Sí","NO") -> NO
A33: S2 | B33: Típico | C33: NF profundo | D33: CM + CV máxima | E33: =Entradas!$C$28 -> 2.5 | F33: =Cálculo!S32 -> 1897.8193 | G33: 1.378 | H33: =Entradas!$D$28 -> 1.25 | I33: =Cálculo!F32/G33 -> 18.142235 | J33: =DEGREES(ATAN(TAN(RADIANS(Cálculo!G32))/G33)) -> 21.099402 | K33: =TAN(RADIANS(45+J33/2))^2 -> 2.1249369 | L33: =EXP(PI()*TAN(RADIANS(J33)))*K33 -> 7.1416523 | M33: =(L33-1)/TAN(RADIANS(J33)) -> 15.916958 | N33: =(L33-1)*TAN(RADIANS(1.4*J33)) -> 3.4803236 | O33: =F33/(I33*M33*(1+0.2*K33*Entradas!$C$22)*(1+0.2*SQRT(K33)*Entradas!$C$18/2)+Cálculo!J32*L33*(1+0.1*K33*Entradas!$C$22)*(1+0.1*SQRT(K33)*Entradas!$C$18/2)+0.5*Cálculo!I32*2*N33*(1+0.1*K33*Entradas!$C$22)*(1+0.1*SQRT(K33)*Entradas!$C$18/2)) -> 2.4998129 | P33: =IF(G33>=H33,"Sí","NO") -> Sí
A34: S2 | B34: Típico | C34: NF profundo | D34: CM + CV normal + sismo seudoestático | E34: =Entradas!$C$29 -> 1.5 | F34: =Cálculo!S32 -> 1897.8193 | G34: 1.1405 | H34: =Entradas!$D$29 -> 1.1 | I34: =Cálculo!F32/G34 -> 21.92021 | J34: =DEGREES(ATAN(TAN(RADIANS(Cálculo!G32))/G34)) -> 24.995277 | K34: =TAN(RADIANS(45+J34/2))^2 -> 2.4634647 | L34: =EXP(PI()*TAN(RADIANS(J34)))*K34 -> 10.656843 | M34: =(L34-1)/TAN(RADIANS(J34)) -> 20.713624 | N34: =(L34-1)*TAN(RADIANS(1.4*J34)) -> 6.7601334 | O34: =F34/(I34*M34*(1+0.2*K34*Entradas!$C$22)*(1+0.2*SQRT(K34)*Entradas!$C$18/2)+Cálculo!J32*L34*(1+0.1*K34*Entradas!$C$22)*(1+0.1*SQRT(K34)*Entradas!$C$18/2)+0.5*Cálculo!I32*2*N34*(1+0.1*K34*Entradas!$C$22)*(1+0.1*SQRT(K34)*Entradas!$C$18/2)) -> 1.5001642 | P34: =IF(G34>=H34,"Sí","NO") -> Sí
A35: S2 | B35: Máximo | C35: NF en la base | D35: CM + CV normal | E35: =Entradas!$C$27 -> 3 | F35: =Cálculo!S37 -> 4058.3908 | G35: 1.3962 | H35: =Entradas!$D$27 -> 1.5 | I35: =Cálculo!F37/G35 -> 25.068042 | J35: =DEGREES(ATAN(TAN(RADIANS(Cálculo!G37))/G35)) -> 24.944318 | K35: =TAN(RADIANS(45+J35/2))^2 -> 2.4586356 | L35: =EXP(PI()*TAN(RADIANS(J35)))*K35 -> 10.599852 | M35: =(L35-1)/TAN(RADIANS(J35)) -> 20.639292 | N35: =(L35-1)*TAN(RADIANS(1.4*J35)) -> 6.702442 | O35: =F35/(I35*M35*(1+0.2*K35*Entradas!$C$22)*(1+0.2*SQRT(K35)*Entradas!$C$18/2)+Cálculo!J37*L35*(1+0.1*K35*Entradas!$C$22)*(1+0.1*SQRT(K35)*Entradas!$C$18/2)+0.5*Cálculo!I37*2*N35*(1+0.1*K35*Entradas!$C$22)*(1+0.1*SQRT(K35)*Entradas!$C$18/2)) -> 3.0001661 | P35: =IF(G35>=H35,"Sí","NO") -> NO
A36: S2 | B36: Máximo | C36: NF en la base | D36: CM + CV máxima | E36: =Entradas!$C$28 -> 2.5 | F36: =Cálculo!S37 -> 4058.3908 | G36: 1.3117 | H36: =Entradas!$D$28 -> 1.25 | I36: =Cálculo!F37/G36 -> 26.682931 | J36: =DEGREES(ATAN(TAN(RADIANS(Cálculo!G37))/G36)) -> 26.339483 | K36: =TAN(RADIANS(45+J36/2))^2 -> 2.5951105 | L36: =EXP(PI()*TAN(RADIANS(J36)))*K36 -> 12.292576 | M36: =(L36-1)/TAN(RADIANS(J36)) -> 22.809206 | N36: =(L36-1)*TAN(RADIANS(1.4*J36)) -> 8.4710884 | O36: =F36/(I36*M36*(1+0.2*K36*Entradas!$C$22)*(1+0.2*SQRT(K36)*Entradas!$C$18/2)+Cálculo!J37*L36*(1+0.1*K36*Entradas!$C$22)*(1+0.1*SQRT(K36)*Entradas!$C$18/2)+0.5*Cálculo!I37*2*N36*(1+0.1*K36*Entradas!$C$22)*(1+0.1*SQRT(K36)*Entradas!$C$18/2)) -> 2.5002339 | P36: =IF(G36>=H36,"Sí","NO") -> Sí
A37: S2 | B37: Máximo | C37: NF en la base | D37: CM + CV normal + sismo seudoestático | E37: =Entradas!$C$29 -> 1.5 | F37: =Cálculo!S37 -> 4058.3908 | G37: 1.1188 | H37: =Entradas!$D$29 -> 1.1 | I37: =Cálculo!F37/G37 -> 31.283518 | J37: =DEGREES(ATAN(TAN(RADIANS(Cálculo!G37))/G37)) -> 30.133027 | K37: =TAN(RADIANS(45+J37/2))^2 -> 3.0161397 | L37: =EXP(PI()*TAN(RADIANS(J37)))*K37 -> 18.681162 | M37: =(L37-1)/TAN(RADIANS(J37)) -> 30.461121 | N37: =(L37-1)*TAN(RADIANS(1.4*J37)) -> 16.024562 | O37: =F37/(I37*M37*(1+0.2*K37*Entradas!$C$22)*(1+0.2*SQRT(K37)*Entradas!$C$18/2)+Cálculo!J37*L37*(1+0.1*K37*Entradas!$C$22)*(1+0.1*SQRT(K37)*Entradas!$C$18/2)+0.5*Cálculo!I37*2*N37*(1+0.1*K37*Entradas!$C$22)*(1+0.1*SQRT(K37)*Entradas!$C$18/2)) -> 1.5001338 | P37: =IF(G37>=H37,"Sí","NO") -> Sí
A38: S2 | B38: Máximo | C38: NF profundo | D38: CM + CV normal | E38: =Entradas!$C$27 -> 3 | F38: =Cálculo!S38 -> 4449.6313 | G38: 1.3835 | H38: =Entradas!$D$27 -> 1.5 | I38: =Cálculo!F38/G38 -> 25.298157 | J38: =DEGREES(ATAN(TAN(RADIANS(Cálculo!G38))/G38)) -> 25.145113 | K38: =TAN(RADIANS(45+J38/2))^2 -> 2.4777305 | L38: =EXP(PI()*TAN(RADIANS(J38)))*K38 -> 10.826426 | M38: =(L38-1)/TAN(RADIANS(J38)) -> 20.934249 | N38: =(L38-1)*TAN(RADIANS(1.4*J38)) -> 6.9325921 | O38: =F38/(I38*M38*(1+0.2*K38*Entradas!$C$22)*(1+0.2*SQRT(K38)*Entradas!$C$18/2)+Cálculo!J38*L38*(1+0.1*K38*Entradas!$C$22)*(1+0.1*SQRT(K38)*Entradas!$C$18/2)+0.5*Cálculo!I38*2*N38*(1+0.1*K38*Entradas!$C$22)*(1+0.1*SQRT(K38)*Entradas!$C$18/2)) -> 2.9997157 | P38: =IF(G38>=H38,"Sí","NO") -> NO
A39: S2 | B39: Máximo | C39: NF profundo | D39: CM + CV máxima | E39: =Entradas!$C$28 -> 2.5 | F39: =Cálculo!S38 -> 4449.6313 | G39: 1.3022 | H39: =Entradas!$D$28 -> 1.25 | I39: =Cálculo!F38/G39 -> 26.877592 | J39: =DEGREES(ATAN(TAN(RADIANS(Cálculo!G38))/G39)) -> 26.505449 | K39: =TAN(RADIANS(45+J39/2))^2 -> 2.6119528 | L39: =EXP(PI()*TAN(RADIANS(J39)))*K39 -> 12.513543 | M39: =(L39-1)/TAN(RADIANS(J39)) -> 23.087097 | N39: =(L39-1)*TAN(RADIANS(1.4*J39)) -> 8.7100341 | O39: =F39/(I39*M39*(1+0.2*K39*Entradas!$C$22)*(1+0.2*SQRT(K39)*Entradas!$C$18/2)+Cálculo!J38*L39*(1+0.1*K39*Entradas!$C$22)*(1+0.1*SQRT(K39)*Entradas!$C$18/2)+0.5*Cálculo!I38*2*N39*(1+0.1*K39*Entradas!$C$22)*(1+0.1*SQRT(K39)*Entradas!$C$18/2)) -> 2.4999387 | P39: =IF(G39>=H39,"Sí","NO") -> Sí
A40: S2 | B40: Máximo | C40: NF profundo | D40: CM + CV normal + sismo seudoestático | E40: =Entradas!$C$29 -> 1.5 | F40: =Cálculo!S38 -> 4449.6313 | G40: 1.1156 | H40: =Entradas!$D$29 -> 1.1 | I40: =Cálculo!F38/G40 -> 31.373252 | J40: =DEGREES(ATAN(TAN(RADIANS(Cálculo!G38))/G40)) -> 30.204331 | K40: =TAN(RADIANS(45+J40/2))^2 -> 3.0248354 | L40: =EXP(PI()*TAN(RADIANS(J40)))*K40 -> 18.833273 | M40: =(L40-1)/TAN(RADIANS(J40)) -> 30.635305 | N40: =(L40-1)*TAN(RADIANS(1.4*J40)) -> 16.219102 | O40: =F40/(I40*M40*(1+0.2*K40*Entradas!$C$22)*(1+0.2*SQRT(K40)*Entradas!$C$18/2)+Cálculo!J38*L40*(1+0.1*K40*Entradas!$C$22)*(1+0.1*SQRT(K40)*Entradas!$C$18/2)+0.5*Cálculo!I38*2*N40*(1+0.1*K40*Entradas!$C$22)*(1+0.1*SQRT(K40)*Entradas!$C$18/2)) -> 1.499998 | P40: =IF(G40>=H40,"Sí","NO") -> Sí
A42: Lectura: «NO» significa que aplicar solo el FSICP a qult deja un FSB directo menor que el mínimo de la tabla H.2.4-1. Por eso la hoja «Cálculo» toma como admisible por falla el menor de los dos criterios (columna V y columnas AA-AB); con esa regla el FSB directo es ≥ FSBM en todos los casos.

Sheet Verificación
A1: Tabla 7. Control de las fórmulas de Nq, Nc y Nγ (Meyerhof) contra la tabla 4-4 de EM 1110-1-1905
A2: Valores de la tabla 4-4 leídos sobre la imagen renderizada de la p. 4-6 (PDF p. 45). Tolerancia: redondeo a 2 decimales de la tabla.
A4: φ (°) | B4: Nq tabla | C4: Nq fórmula | D4: Nc tabla | E4: Nc fórmula | F4: Nγ tabla | G4: Nγ fórmula | H4: Máx. diferencia | I4: ¿Coincide?
A5: 22 | B5: 7.82 | C5: =EXP(PI()*TAN(RADIANS(A5)))*TAN(RADIANS(45+A5/2))^2 -> 7.8211201 | D5: 16.88 | E5: =(C5-1)/TAN(RADIANS(A5)) -> 16.882865 | F5: 4.07 | G5: =(C5-1)*TAN(RADIANS(1.4*A5)) -> 4.0662036 | H5: =MAX(ABS(C5-B5),ABS(E5-D5),ABS(G5-F5)) -> 0.0037963558 | I5: =IF(H5<=0.006,"Sí","NO") -> Sí
A6: 24 | B6: 9.6 | C6: =EXP(PI()*TAN(RADIANS(A6)))*TAN(RADIANS(45+A6/2))^2 -> 9.6033944 | D6: 19.32 | E6: =(C6-1)/TAN(RADIANS(A6)) -> 19.32354 | F6: 5.72 | G6: =(C6-1)*TAN(RADIANS(1.4*A6)) -> 5.7160816 | H6: =MAX(ABS(C6-B6),ABS(E6-D6),ABS(G6-F6)) -> 0.0039184199 | I6: =IF(H6<=0.006,"Sí","NO") -> Sí
A7: 26 | B7: 11.85 | C7: =EXP(PI()*TAN(RADIANS(A7)))*TAN(RADIANS(45+A7/2))^2 -> 11.854203 | D7: 22.25 | E7: =(C7-1)/TAN(RADIANS(A7)) -> 22.254414 | F7: 8 | G7: =(C7-1)*TAN(RADIANS(1.4*A7)) -> 8.0024087 | H7: =MAX(ABS(C7-B7),ABS(E7-D7),ABS(G7-F7)) -> 0.0044142297 | I7: =IF(H7<=0.006,"Sí","NO") -> Sí
A8: 28 | B8: 14.72 | C8: =EXP(PI()*TAN(RADIANS(A8)))*TAN(RADIANS(45+A8/2))^2 -> 14.719881 | D8: 25.8 | E8: =(C8-1)/TAN(RADIANS(A8)) -> 25.803343 | F8: 11.19 | G8: =(C8-1)*TAN(RADIANS(1.4*A8)) -> 11.189662 | H8: =MAX(ABS(C8-B8),ABS(E8-D8),ABS(G8-F8)) -> 0.0033429715 | I8: =IF(H8<=0.006,"Sí","NO") -> Sí
A9: 30 | B9: 18.4 | C9: =EXP(PI()*TAN(RADIANS(A9)))*TAN(RADIANS(45+A9/2))^2 -> 18.401122 | D9: 30.14 | E9: =(C9-1)/TAN(RADIANS(A9)) -> 30.139628 | F9: 15.67 | G9: =(C9-1)*TAN(RADIANS(1.4*A9)) -> 15.668041 | H9: =MAX(ABS(C9-B9),ABS(E9-D9),ABS(G9-F9)) -> 0.001959179 | I9: =IF(H9<=0.006,"Sí","NO") -> Sí
A10: 32 | B10: 23.18 | C10: =EXP(PI()*TAN(RADIANS(A10)))*TAN(RADIANS(45+A10/2))^2 -> 23.176776 | D10: 35.49 | E10: =(C10-1)/TAN(RADIANS(A10)) -> 35.490261 | F10: 22.02 | G10: =(C10-1)*TAN(RADIANS(1.4*A10)) -> 22.022491 | H10: =MAX(ABS(C10-B10),ABS(E10-D10),ABS(G10-F10)) -> 0.003223793 | I10: =IF(H10<=0.006,"Sí","NO") -> Sí
A11: 34 | B11: 29.44 | C11: =EXP(PI()*TAN(RADIANS(A11)))*TAN(RADIANS(45+A11/2))^2 -> 29.439792 | D11: 42.16 | E11: =(C11-1)/TAN(RADIANS(A11)) -> 42.163726 | F11: 31.15 | G11: =(C11-1)*TAN(RADIANS(1.4*A11)) -> 31.145547 | H11: =MAX(ABS(C11-B11),ABS(E11-D11),ABS(G11-F11)) -> 0.0044532121 | I11: =IF(H11<=0.006,"Sí","NO") -> Sí
A13: Cubre φ de 22° a 34°, el intervalo de los parámetros S1 (27-32°) y S2 (23-33°) y de los φ reducidos del chequeo H.2.4-1.

Sheet Limitaciones
A1: Tabla 8. Qué no afirma esta memoria y sus limitaciones
A3: # | B3: Limitación | C3: Consecuencia | D3: Referencia
A4: 1 | B4: Los parámetros c, φ y γ son análogos publicados (Batolito Antioqueño; cenizas de Pereira), no del sitio. | C4: El rango puede no contener el valor real del portal. | D4: Act 3; NSR-10 H.3
A5: 2 | B5: S2 usa c y φ de ensayos UU (no drenados, esfuerzos totales) en ceniza no saturada, combinados con peso sumergido cuando el NF está en la base. | C5: Mezcla de enfoques en esfuerzos totales y efectivos: se acepta solo como sensibilidad. | D5: NSR-10 H.2.4.2; BBM13
A6: 3 | B6: No se cuantifica la falla por corte local ni por punzonamiento (suelos sueltos o sensibles, como la ceniza alofánica al saturarse). | C6: En S2 y en S1 con cohesión nula, qult real puede ser menor que la de corte general. | D6: NSR-10 H.4.2.1; EM 1110-1-1905 §1-2
A7: 4 | B7: No se considera la influencia de taludes próximos. El portal oriental tiene pendiente media de 16,7° y p90 de 31,1° en 250 m (Act 2). | C7: Una zapata cerca de la ladera tiene menor capacidad; exige análisis de estabilidad global. | D7: NSR-10 H.4.2.1 d; Act 2 OE 3
A8: 5 | B8: Carga vertical centrada: sin excentricidad, sin inclinación, zapata cuadrada. | C8: Las fuerzas de frenado y sismo de una terminal reducen la capacidad. | D8: NSR-10 H.4.2.1 b; H.4.10
A9: 6 | B9: El sismo entra solo por el FS 1,5; no se evalúan licuación, densificación ni pérdida de resistencia. | C9: La combinación sísmica queda sin verificar en rigor. | D9: NSR-10 H.4.2.1 e; capítulo H.7
A10: 7 | B10: Asentamiento elástico con E de tabla genérica y medio homogéneo; no se calcula consolidación ni asentamiento secundario ni colapso por saturación de la ceniza. | C10: El criterio de servicio es indicativo; el límite de 25 mm es una hipótesis. | D10: NSR-10 H.4.2.2, H.4.8, H.4.9
A11: 8 | B11: Un solo método (Meyerhof). EM 1110-1-1905 recomienda contrastar con dos o más modelos. | C11: Sin contraste Hansen / Vesic. | D11: EM 1110-1-1905 §4-2
A12: 9 | B12: La roca (R1-R4) no entra: está bajo la cobertura y Meyerhof es un método para suelo. | C12: Si la exploración encuentra roca a poca profundidad, cambia el método y el orden de magnitud. | D12: Act 3, hoja Roca
A14: Tabla 9. Exploración mínima para convertir el rango en un valor de diseño
A15: # | B15: Ensayo o actividad | C15: Qué resuelve | D15: Referencia
A16: 1 | B16: Sondeos con SPT y recuperación de muestras en cada portal, hasta roca o hasta la profundidad que fije el capítulo H.3. | C16: Espesor de S1 / S2, estratigrafía, N para E y φ. | D16: NSR-10 H.3
A17: 2 | B17: Piezómetros o registro del nivel freático en los sondeos. | C17: Elimina la bifurcación «NF en la base / NF profundo». | D17: NSR-10 H.4.2.1 a
A18: 3 | B18: Triaxiales CU con medición de presión de poros (o CD) sobre muestras inalteradas. | C18: c′ y φ′ efectivos del sitio. | D18: NSR-10 H.2.4
A19: 4 | B19: Consolidación unidimensional y ensayo de colapso por inundación en la ceniza. | C19: Asentamientos por consolidación y colapso. | D19: NSR-10 H.4.8
A20: 5 | B20: Sísmica de refracción o MASW. | C20: Profundidad de roca y Vs para el perfil sísmico. | D20: NSR-10 A.2.4
A21: 6 | B21: Clasificación, límites de Atterberg, humedad natural y peso unitario. | C21: γ del sitio y clasificación SCUS (H.2.5). | D21: NSR-10 H.2.5

Sheet Marcas y fuentes
A1: Tabla 10. Marcas de origen
A3: Marca | B3: Significado
A4: F | B4: Dato de fuente publicada, leído en el documento original descargado
A5: CP | B5: Cálculo propio, reproducible con las fórmulas de este libro y el script citado
A6: H | B6: Hipótesis o supuesto del semillero, declarado; fondo amarillo en las celdas
A9: Tabla 11. Fuentes citadas
A10: Clave | B10: Referencia | C10: Enlace / ruta
A11: ACT3 | B11: Semillero GEOPAV (2026). Cuadro de parámetros geotécnicos adoptados y su rango de sensibilidad. OE 3, Act 3 (suelos S1 y S2). | C11: OE3_Geotecnia/Act3_Parametros/Cuadro_parametros_adoptados_OE3.xlsx
A12: EM1905 | B12: U.S. Army Corps of Engineers (1992). EM 1110-1-1905 Bearing Capacity of Soils. Ec. 4-1, tabla 4-3 (Meyerhof 1953, 1963) p. 4-5, tabla 4-4 p. 4-6, §1-2 d (nivel freático), §4-2. | C12: https://pdhlibrary.com/sites/default/files/EM%201110-1-1905%20-%20Bearing%20Capacity%20of%20Soils%20.pdf (md5 f41333aa…)
A13: FHWA088 | B13: FHWA (2006). Soils and Foundations Reference Manual, Vol. I, FHWA NHI-06-088. Tabla 5-16 «Elastic constants of various soils», p. 5-85. | C13: https://www.fhwa.dot.gov/engineering/geotech/pubs/nhi06088.pdf (md5 520fb556…)
A14: FHWA089 | B14: FHWA (2006). Soils and Foundations Reference Manual, Vol. II, FHWA NHI-06-089. Ec. 8-19 y tabla 8-13 (Cd), p. 8-58 y 8-59. | C14: https://www.fhwa.dot.gov/engineering/geotech/pubs/nhi06089.pdf (md5 9795a31e…)
A15: NSR10 | B15: NSR-10, Título H: H.2.4 (tabla H.2.4-1), H.4.2.1-H.4.2.3, H.4.7.1 (tabla H.4.7-1), H.4.8, H.4.9 (tabla H.4.9-1). Verificado en el texto de la norma. | C15: https://www.scg.org.co/Titulo-H-NSR-10-Decreto%20Final-2010-01-14.pdf
A16: ACT2 | B16: Semillero GEOPAV (2026). Mapa base de susceptibilidad y pendientes locales de los portales. OE 3, Act 2. | C16: OE3_Geotecnia/Act2_Amenaza/pendiente_portales_OE3.json
