Workbook

Sheet 1. Metodo
A1: Análisis estadístico de la siniestralidad de vehículos pesados
A2: OE 5 · Actividad 4 · Semillero GEOPAV · Corredor Ibagué – Calarcá, Ruta Nacional 40, paso del Alto de La Línea
A5: LA FÓRMULA
A6: Tasa | B6: fallecidos / (TPD × 365 × L × años) × 10^8
A7: Unidad | B7: Fallecidos por cada 100 millones de vehículos-kilómetro recorridos.
A8: Por qué normalizar | B8: Contar muertos sin dividir por exposición es contar goles sin saber cuántos partidos se jugaron.
A10: LO QUE CAMBIÓ RESPECTO A LA MEMORIA METODOLÓGICA
B11: La memoria declara que la tasa no se puede publicar porque los fallecidos son 2015–2019
B12: y el aforo verificado es 2021–2026, de modo que no son divisibles entre sí. Eso era cierto
B13: cuando el único aforo disponible era el del peaje Cocora.
B14: Con la serie histórica de INVÍAS que trajo la Act 1, el aforo del paso es 2015–2018 de la
B15: MISMA estación y la MISMA vía. Mismo periodo, mismo tramo: la objeción queda resuelta y la
B16: tasa pasa de hipótesis a resultado.
A18: EL DESFASE QUE SÍ SIGUE EN PIE [F]
B19: El Túnel de La Línea entró en operación el 4 de septiembre de 2020, con 8,6 km. La línea
B20: base describe el corredor ANTERIOR al túnel y por tanto SOBRESTIMA el riesgo del corredor
B21: actual. Toda cifra de esta hoja se lee como caracterización del corredor 2015–2019.
A23: LAS DOS DEFINICIONES DE TRAMO — se publican ambas [H]
B24: Los 42 fallecidos están en el tramo que la ANSV nombra «Calarcá – Ibagué», que abarca el
B25: corredor completo de 74 km. Pero los seis sectores críticos caen todos en el descenso de
B26: Calarcá, dentro de los 45 km de la estación 244. Ninguna de las dos definiciones es
B27: obviamente la correcta, así que se publican las dos con su denominador declarado y no se
B28: escoge una en silencio.
A30: MARCAS
A31: F | B31: Dato de fuente externa citada.
A32: CP | B32: Cálculo propio, reproducible por la fórmula de la celda.
A33: H | B33: Hipótesis o criterio adoptado. Celda amarilla con texto azul.

Sheet 2. Entradas
A1: Entradas del cálculo — todas medidas
A2: Ninguna celda de esta hoja es una suposición. Cada una cita su fuente.
A4: Entrada | B4: Valor | C4: Marca | D4: Origen
A5: Fallecidos en el tramo del paso «Calarcá – Ibagué» | B5: 42 | C5: F | D5: ANSV rs3u-8r4q, 2015–2019. Cuatro sectores críticos: PR 86, PR 6 y PR 10 (dos).
A6: Fallecidos en todo el corredor de análisis | B6: 52 | C6: F | D6: ANSV rs3u-8r4q. Los seis sectores, todos en jurisdicción de Calarcá.
A7: Años cubiertos por el registro de fallecidos | B7: 5 | C7: F | D7: 2015 a 2019 inclusive.
A8: TPD del paso — estación 244, media 2015–2018 | B8: 6676 | C8: F | D8: INVÍAS, serie histórica. Sector Calarcá – Cajamarca.
A9: TPD del tramo Cajamarca – Ibagué — estación 243 | B9: 7043 | C9: F | D9: INVÍAS, serie histórica. Solo 2015–2017: el libro no publica 2018.
A10: Longitud del paso — estación 244 | B10: 45 | C10: F | D10: Declarada por INVÍAS para esa estación.
A11: Longitud del tramo Cajamarca – Ibagué — estación 243 | B11: 29 | C11: F | D11: Declarada por INVÍAS.
A12: TPD de camiones en el paso, media 2015–2018 | B12: 3708 | C12: F | D12: Estación 244, aplicando la composición vehicular publicada por INVÍAS.
A13: TPD del peaje Cajamarca en 2019 — solo como control | B13: 6351 | C13: F | D13: INVÍAS, aforo mensual 2019. No entra en la tasa: sirve para acotar la hipótesis del año faltante, en la hoja 3.
A15: DERIVADAS [CP]
A16: Longitud del corredor completo (km) | B16: =B10+B11 -> 74 | C16: CP | D16: Suma de las dos longitudes declaradas por INVÍAS.
A17: TPD del corredor, ponderado por longitud | B17: =ROUND((B9*B11+B8*B10)/B16,0) -> 6820 | C17: CP | D17: Cada estación pesa según los kilómetros que representa.

Sheet 3. Tasa
A1: Tasa de siniestralidad normalizada por exposición
A2: Las dos definiciones de tramo se publican juntas. Toda celda es fórmula: cambia una entrada en la hoja 2 y esta hoja se recalcula.
A4: Definición del tramo | B4: Fallecidos | C4: TPD | D4: L (km) | E4: Años | F4: Veh-km del periodo | G4: Tasa | H4: Marca
A5: Corredor completo Ibagué – Calarcá (74 km) | B5: ='2. Entradas'!B5 -> 42 | C5: ='2. Entradas'!B17 -> 6820 | D5: ='2. Entradas'!B16 -> 74 | E5: ='2. Entradas'!B7 -> 5 | F5: =C5*365*D5*E5 -> 921041000 | G5: =B5/F5*100000000 -> 4.5600576 | H5: CP
A6: Solo el paso — estación 244 (45 km) | B6: ='2. Entradas'!B5 -> 42 | C6: ='2. Entradas'!B8 -> 6676 | D6: ='2. Entradas'!B10 -> 45 | E6: ='2. Entradas'!B7 -> 5 | F6: =C6*365*D6*E6 -> 548266500 | G6: =B6/F6*100000000 -> 7.6605082 | H6: CP
A7: Control · los 52 fallecidos del corredor, sobre 74 km | B7: ='2. Entradas'!B6 -> 52 | C7: ='2. Entradas'!B17 -> 6820 | D7: ='2. Entradas'!B16 -> 74 | E7: ='2. Entradas'!B7 -> 5 | F7: =C7*365*D7*E7 -> 921041000 | G7: =B7/F7*100000000 -> 5.6457856 | H7: CP
A10: COMPARACIÓN CON LO QUE PUBLICABA EL LIBRO ANTERIOR
A11: Tasa con las hipótesis del libro anterior (TPD 3.000, L 60 km) | B11: =B5/(3000*365*60*E5)*100000000 -> 12.785388 | C11: H | D11: Las dos entradas eran supuestos, no medidas.
A12: La tasa medida es, respecto de la anterior | B12: =G5/B11 -> 0.35666165 | C12: CP | D12: El TPD real del paso es más del doble del supuesto, así que la tasa cae.
A14: HIPÓTESIS DECLARADA · el año que falta en el aforo [H]
A15: El registro de fallecidos cubre CINCO años (2015–2019). El aforo de INVÍAS cubre CUATRO en la
A16: estación 244 (2015–2018) y TRES en la 243 (el libro no publica 2018). El cálculo multiplica el TPD
A17: medido por los cinco años, es decir, SUPONE que 2019 tuvo un tránsito parecido. Eso es una
A18: hipótesis y aquí se declara en vez de quedar escondida en el promedio.
A20: No es una hipótesis ciega: el aforo del peaje Cajamarca de 2019 SÍ existe y sirve de control.
A22: TPD del peaje Cajamarca en 2019 | B22: ='2. Entradas'!B13 -> 6351 | C22: F | D22: Medido. Se desvía de la media 2015–2018 de la estación 244 en menos del 5 %.
A23: Media 2015–2019 incorporando ese año | B23: =('2. Entradas'!B8*4+'2. Entradas'!B13)/5 -> 6611 | C23: CP | D23: Escenario alternativo: cinco años, con 2019 tomado del peaje.
A24: Tasa del paso con ese escenario | B24: =B5/(B23*365*D6*E5)*100000000 -> 7.735827 | C24: CP | D24: Frente a la publicada arriba.
A25: Cuánto mueve la hipótesis la tasa publicada | B25: =ABS(B24-G6)/G6 -> 0.009832098 | C25: CP | D25: Si esta cifra fuera grande, la tasa no sería publicable. No lo es.
A28: CÓMO SE LEE
A29: Las dos primeras filas usan los mismos 42 fallecidos y difieren solo en el denominador: la primera los
A30: reparte sobre los 74 km del corredor que la ANSV nombra; la segunda sobre los 45 km donde caen los seis
A31: sectores críticos. La segunda es mayor porque concentra la misma mortalidad en menos kilómetros.
A33: La fila de control usa los 52 fallecidos del corredor completo, incluidos los diez del tramo
A34: La Paila – Calarcá que no pertenecen al cruce. Sirve de cota superior, no de resultado.

Sheet 4. Sensibilidad
A1: Sensibilidad de la tasa a las dos entradas que antes eran hipótesis
A2: Ya no hace falta para publicar un resultado, pero muestra cuánto dependía la cifra anterior de supuestos. La casilla verde es el valor medido.
A4: TPD \ L (km) | B4: 40 | C4: 45 | D4: 60 | E4: 74 | F4: 80 | G4: 90
A5: 3000 | B5: ='3. Tasa'!$B$5/($A5*365*B$4*'3. Tasa'!$E$5)*100000000 -> 19.178082 | C5: ='3. Tasa'!$B$5/($A5*365*C$4*'3. Tasa'!$E$5)*100000000 -> 17.047184 | D5: ='3. Tasa'!$B$5/($A5*365*D$4*'3. Tasa'!$E$5)*100000000 -> 12.785388 | E5: ='3. Tasa'!$B$5/($A5*365*E$4*'3. Tasa'!$E$5)*100000000 -> 10.366531 | F5: ='3. Tasa'!$B$5/($A5*365*F$4*'3. Tasa'!$E$5)*100000000 -> 9.5890411 | G5: ='3. Tasa'!$B$5/($A5*365*G$4*'3. Tasa'!$E$5)*100000000 -> 8.5235921
A6: 4000 | B6: ='3. Tasa'!$B$5/($A6*365*B$4*'3. Tasa'!$E$5)*100000000 -> 14.383562 | C6: ='3. Tasa'!$B$5/($A6*365*C$4*'3. Tasa'!$E$5)*100000000 -> 12.785388 | D6: ='3. Tasa'!$B$5/($A6*365*D$4*'3. Tasa'!$E$5)*100000000 -> 9.5890411 | E6: ='3. Tasa'!$B$5/($A6*365*E$4*'3. Tasa'!$E$5)*100000000 -> 7.7748982 | F6: ='3. Tasa'!$B$5/($A6*365*F$4*'3. Tasa'!$E$5)*100000000 -> 7.1917808 | G6: ='3. Tasa'!$B$5/($A6*365*G$4*'3. Tasa'!$E$5)*100000000 -> 6.3926941
A7: 5000 | B7: ='3. Tasa'!$B$5/($A7*365*B$4*'3. Tasa'!$E$5)*100000000 -> 11.506849 | C7: ='3. Tasa'!$B$5/($A7*365*C$4*'3. Tasa'!$E$5)*100000000 -> 10.228311 | D7: ='3. Tasa'!$B$5/($A7*365*D$4*'3. Tasa'!$E$5)*100000000 -> 7.6712329 | E7: ='3. Tasa'!$B$5/($A7*365*E$4*'3. Tasa'!$E$5)*100000000 -> 6.2199185 | F7: ='3. Tasa'!$B$5/($A7*365*F$4*'3. Tasa'!$E$5)*100000000 -> 5.7534247 | G7: ='3. Tasa'!$B$5/($A7*365*G$4*'3. Tasa'!$E$5)*100000000 -> 5.1141553
A8: 6000 | B8: ='3. Tasa'!$B$5/($A8*365*B$4*'3. Tasa'!$E$5)*100000000 -> 9.5890411 | C8: ='3. Tasa'!$B$5/($A8*365*C$4*'3. Tasa'!$E$5)*100000000 -> 8.5235921 | D8: ='3. Tasa'!$B$5/($A8*365*D$4*'3. Tasa'!$E$5)*100000000 -> 6.3926941 | E8: ='3. Tasa'!$B$5/($A8*365*E$4*'3. Tasa'!$E$5)*100000000 -> 5.1832655 | F8: ='3. Tasa'!$B$5/($A8*365*F$4*'3. Tasa'!$E$5)*100000000 -> 4.7945205 | G8: ='3. Tasa'!$B$5/($A8*365*G$4*'3. Tasa'!$E$5)*100000000 -> 4.261796
A9: 6820 | B9: ='3. Tasa'!$B$5/($A9*365*B$4*'3. Tasa'!$E$5)*100000000 -> 8.4361065 | C9: ='3. Tasa'!$B$5/($A9*365*C$4*'3. Tasa'!$E$5)*100000000 -> 7.4987614 | D9: ='3. Tasa'!$B$5/($A9*365*D$4*'3. Tasa'!$E$5)*100000000 -> 5.624071 | E9: ='3. Tasa'!$B$5/($A9*365*E$4*'3. Tasa'!$E$5)*100000000 -> 4.5600576 | F9: ='3. Tasa'!$B$5/($A9*365*F$4*'3. Tasa'!$E$5)*100000000 -> 4.2180533 | G9: ='3. Tasa'!$B$5/($A9*365*G$4*'3. Tasa'!$E$5)*100000000 -> 3.7493807
A10: 7000 | B10: ='3. Tasa'!$B$5/($A10*365*B$4*'3. Tasa'!$E$5)*100000000 -> 8.2191781 | C10: ='3. Tasa'!$B$5/($A10*365*C$4*'3. Tasa'!$E$5)*100000000 -> 7.3059361 | D10: ='3. Tasa'!$B$5/($A10*365*D$4*'3. Tasa'!$E$5)*100000000 -> 5.4794521 | E10: ='3. Tasa'!$B$5/($A10*365*E$4*'3. Tasa'!$E$5)*100000000 -> 4.442799 | F10: ='3. Tasa'!$B$5/($A10*365*F$4*'3. Tasa'!$E$5)*100000000 -> 4.109589 | G10: ='3. Tasa'!$B$5/($A10*365*G$4*'3. Tasa'!$E$5)*100000000 -> 3.652968
A11: 8000 | B11: ='3. Tasa'!$B$5/($A11*365*B$4*'3. Tasa'!$E$5)*100000000 -> 7.1917808 | C11: ='3. Tasa'!$B$5/($A11*365*C$4*'3. Tasa'!$E$5)*100000000 -> 6.3926941 | D11: ='3. Tasa'!$B$5/($A11*365*D$4*'3. Tasa'!$E$5)*100000000 -> 4.7945205 | E11: ='3. Tasa'!$B$5/($A11*365*E$4*'3. Tasa'!$E$5)*100000000 -> 3.8874491 | F11: ='3. Tasa'!$B$5/($A11*365*F$4*'3. Tasa'!$E$5)*100000000 -> 3.5958904 | G11: ='3. Tasa'!$B$5/($A11*365*G$4*'3. Tasa'!$E$5)*100000000 -> 3.196347
A14: Verde: el valor con las dos entradas medidas. El resto de la tabla existe para mostrar de qué dependía la cifra que se publicaba antes.

Sheet 5. Carga pesada
A1: Exposición de la carga pesada en el descenso del paso
A2: Es el grupo que la Ferropista captaría. Todas las cifras salen de la estación 244, que mide el paso.
A4: Concepto | B4: Valor | C4: Marca | D4: Nota
A5: TPD total del paso, media 2015–2018 | B5: ='2. Entradas'!B8 -> 6676 | C5: F | D5: Estación 244 de INVÍAS.
A6: TPD de camiones en el paso | B6: ='2. Entradas'!B12 -> 3708 | C6: F | D6: Composición vehicular publicada por INVÍAS.
A7: Participación de los camiones | B7: =B6/B5 -> 0.55542241 | C7: CP | D7: La clase «camiones» de esta fuente incluye los de dos ejes: es cota superior.
A8: Longitud del paso (km) | B8: ='2. Entradas'!B10 -> 45 | C8: F | D8: Declarada por INVÍAS.
A9: Vehículos-km diarios de camiones | B9: =B6*B8 -> 166860 | C9: CP | D9: TPD de camiones × longitud.
A10: Vehículos-km anuales de camiones | B10: =B9*365 -> 60903900 | C10: CP | D10: Exposición anual del grupo que haría el cruce por el túnel.
A11: Captación prevista por la Ferropista | B11: 0.9 | C11: F | D11: Ponencia ARCS / UC Consult, dia. 10. Cifra del proponente, no auditada.
A12: Vehículos-km anuales que dejarían el paso | B12: =B10*B11 -> 54813510 | C12: CP | D12: Estimación condicionada a esa captación. No es un pronóstico.
A14: QUÉ PUEDE AFIRMARSE
A15: La tasa de mortalidad del corredor, normalizada por exposición, con las dos entradas medidas y el
A16: periodo de fallecidos y de aforo coincidiendo por primera vez.
A17: La exposición anual en vehículos-kilómetro de la carga pesada que hace el cruce.
A19: QUÉ NO PUEDE AFIRMARSE
A20: Cuántas muertes evitaría la Ferropista. Eso exige un modelo de siniestralidad calibrado con microdatos
A21: por siniestro (tipo de vehículo, causa, condición de la víctima) que no están públicos para este corredor.
A22: Que la tasa de hoy sea esta: la línea base es anterior al Túnel de La Línea y sobrestima el riesgo actual.

Sheet 6. Serie del paso
A1: Serie histórica del paso — estación 244, Calarcá – Cajamarca
A2: Datos de INVÍAS 1997–2018 [F]. Las columnas de TPD por clase se calculan por fórmula [CP]. Alimenta la figura de la actividad.
A4: Año | B4: TPD total | C4: % autos | D4: % buses | E4: % camiones | F4: TPD camiones | G4: TPD no pesados
A5: 1997 | B5: 3194 | C5: 32 | D5: 8 | E5: 60 | F5: =IF(E5="","",ROUND(B5*E5/100,0)) -> 1916 | G5: =IF(E5="","",B5-F5) -> 1278
A6: 1998 | B6: 3546 | C6: 30 | D6: 7 | E6: 63 | F6: =IF(E6="","",ROUND(B6*E6/100,0)) -> 2234 | G6: =IF(E6="","",B6-F6) -> 1312
A7: 1999 | B7: 2932 | C7: 31 | D7: 6 | E7: 63 | F7: =IF(E7="","",ROUND(B7*E7/100,0)) -> 1847 | G7: =IF(E7="","",B7-F7) -> 1085
A8: 2000 | B8: 3147 | C8: 30 | D8: 8 | E8: 62 | F8: =IF(E8="","",ROUND(B8*E8/100,0)) -> 1951 | G8: =IF(E8="","",B8-F8) -> 1196
A9: 2001 | B9: 3093 | C9: 29 | D9: 8 | E9: 63 | F9: =IF(E9="","",ROUND(B9*E9/100,0)) -> 1949 | G9: =IF(E9="","",B9-F9) -> 1144
A10: 2002 | B10: 3374 | C10: 20 | D10: 12 | E10: 68 | F10: =IF(E10="","",ROUND(B10*E10/100,0)) -> 2294 | G10: =IF(E10="","",B10-F10) -> 1080
A11: 2003 | B11: 3412 | C11: 30 | D11: 12 | E11: 58 | F11: =IF(E11="","",ROUND(B11*E11/100,0)) -> 1979 | G11: =IF(E11="","",B11-F11) -> 1433
A12: 2004 | B12: 3600 | C12: 31 | D12: 10 | E12: 59 | F12: =IF(E12="","",ROUND(B12*E12/100,0)) -> 2124 | G12: =IF(E12="","",B12-F12) -> 1476
A13: 2005 | B13: 4670 | C13: 23 | D13: 14 | E13: 63 | F13: =IF(E13="","",ROUND(B13*E13/100,0)) -> 2942 | G13: =IF(E13="","",B13-F13) -> 1728
A14: 2006 | B14: 4498 | C14: 24 | D14: 11 | E14: 65 | F14: =IF(E14="","",ROUND(B14*E14/100,0)) -> 2924 | G14: =IF(E14="","",B14-F14) -> 1574
A15: 2007 | B15: 4898 | C15: 32 | D15: 12 | E15: 56 | F15: =IF(E15="","",ROUND(B15*E15/100,0)) -> 2743 | G15: =IF(E15="","",B15-F15) -> 2155
A16: 2008 | B16: 4773 | C16: 26 | D16: 16 | E16: 58 | F16: =IF(E16="","",ROUND(B16*E16/100,0)) -> 2768 | G16: =IF(E16="","",B16-F16) -> 2005
... A24: 2018 | B24: 7535 | C24: 52 | D24: 4 | E24: 44 | F24: =IF(E24="","",ROUND(B24*E24/100,0)) -> 3315 | G24: =IF(E24="","",B24-F24) -> 4220
A26: En 2018 la participación de camiones cae de 59 % a 44 % tras veinte años estable entre 60 % y 69 %. Sin contrastar: no usar ese año aislado.
