Workbook

Sheet Portada
B8: Registro de tiempos de ciclo del cruce por la Ruta 40
B9: Objetivo específico 6 · Actividad 1 — Tiempos actuales Ibagué–Calarcá para tractocamión 3S3
B11: Objetivo | C11: OE 6: Determinar la eficiencia logística del sistema intermodal Ferropista, calculando la reducción de tiempos de ciclo y de costos operativos frente a la operación actual por la Ruta 40.
B12: Actividad | C12: 1. Levantamiento de los tiempos de ciclo actuales del cruce por la Ruta 40
B13: Entregable / formato | C13: Registro de tiempos · Documento Excel
B14: Periodo | C14: Bloque 2 del Plan de Acción (5 oct - 7 nov 2026)
B15: Responsable asignado | C15: Torrente Parra Daniel Ignacio
B16: Apoyo en la ejecución | C16: Tamayo Osorio Miguel Ángel, con apoyo de IA (Claude)
B17: Semillero | C17: Semillero de Investigación GEOPAV · Ingeniería Civil · Universidad de Ibagué · Paz y Región 2026B
B18: Fecha de elaboración | C18: 29 sep 2026
B19: Advertencia | C19: El tiempo mínimo es el MODELO oficial del SICE-TAC (flujo libre), no una medición. El típico es la cifra del proponente, no auditada. No hay aforo propio de tiempos de viaje: los resultados son un rango.
B21: Índice de hojas (tabla de contenido)
B22: Tramos | C22: Tabla 1. Distancia, velocidad y horas por tipo de terreno según el SICE-TAC (dos sentidos)
B23: Escenarios | C23: Tabla 2. Tiempo de ciclo del cruce por sentido: mínimo, típico y máximo · Tabla 3. Ida y vuelta
B24: Controles | C24: Tabla 4. Controles externos y evento extremo (no entran al cálculo)
B25: Fuentes | C25: Tabla 5. Fuentes citadas y huella md5
B27: Índice de tablas: tablas 1 a 5 según el índice de hojas. Índice de figuras: no tiene. Índice de anexos: no tiene; las consultas SICE-TAC quedan en OE6_Logistica/Fuentes/. Script: OE6_Logistica/Act1_TiemposRuta40/registro_tiempos_ruta40_OE6.py. Convención: azul = entrada leída de una fuente; verde = valor leído de otro producto del OE 6; fondo amarillo = hipótesis [H]; negro = fórmula. Marcas: [F] fuente citada · [CP] cálculo propio reproducible · [H] hipótesis declarada · [DA] dato por consultar. Elaborado con apoyo de IA (Claude) y verificado contra las fuentes.

Sheet Tramos
A1: Tabla 1. Distancia, velocidad promedio y horas de viaje por tipo de terreno (SICE-TAC, 3S3 cargado)
A3: Sentido | B3: Terreno | C3: Distancia (km) | D3: Velocidad promedio (km/h) | E3: Horas de viaje | F3: Marca
A4: Ibagué → Calarcá | B4: Plano | C4: 14.94 | D4: 56.25 | E4: =C4/D4 -> 0.2656 | F4: [F] SICE-TAC · horas [CP]
A5: Ibagué → Calarcá | B5: Ondulado | C5: 20.09 | D5: 33.13 | E5: =C5/D5 -> 0.60639903 | F5: [F] SICE-TAC · horas [CP]
A6: Ibagué → Calarcá | B6: Montaña | C6: 38.77 | D6: 23.57 | E6: =C6/D6 -> 1.6448876 | F6: [F] SICE-TAC · horas [CP]
A7: Ibagué → Calarcá | B7: Urbano | C7: 11 | D7: 23.57 | E7: =C7/D7 -> 0.46669495 | F7: [F] SICE-TAC · horas [CP]
A8: Ibagué → Calarcá | B8: Afirmado | C8: 0.21 | D8: 15 | E8: =C8/D8 -> 0.014 | F8: [F] SICE-TAC · horas [CP]
A9: Ibagué → Calarcá | B9: Total | C9: =SUM(C4:C8) -> 85.01 | D9: =C9/E9 -> 28.359529 | E9: =SUM(E4:E8) -> 2.9975816 | F9: SICE-TAC publica 3,00 h (control)
A11: Calarcá → Ibagué | B11: Plano | C11: 25.09 | D11: 56.25 | E11: =C11/D11 -> 0.44604444 | F11: [F] SICE-TAC · horas [CP]
A12: Calarcá → Ibagué | B12: Ondulado | C12: 11.83 | D12: 33.13 | E12: =C12/D12 -> 0.35707818 | F12: [F] SICE-TAC · horas [CP]
A13: Calarcá → Ibagué | B13: Montaña | C13: 28.04 | D13: 23.57 | E13: =C13/D13 -> 1.1896479 | F13: [F] SICE-TAC · horas [CP]
A14: Calarcá → Ibagué | B14: Urbano | C14: 11 | D14: 23.57 | E14: =C14/D14 -> 0.46669495 | F14: [F] SICE-TAC · horas [CP]
A15: Calarcá → Ibagué | B15: Afirmado | C15: 0.21 | D15: 15 | E15: =C15/D15 -> 0.014 | F15: [F] SICE-TAC · horas [CP]
A16: Calarcá → Ibagué | B16: Total | C16: =SUM(C11:C15) -> 76.17 | D16: =C16/E16 -> 30.794851 | E16: =SUM(E11:E15) -> 2.4734654 | F16: SICE-TAC publica 2,47 h (control)
A18: Distancias del listado oficial «Distancias por tipo de terreno rutas SICE-TAC 01-09-2026» (idénticas a las de la consulta guardada). Los dos sentidos tienen distinta longitud (85,01 frente a 76,17 km): así lo registra el Ministerio y OpenStreetMap confirma la asimetría (Act 2). La columna D de la fila total es la velocidad media resultante.

Sheet Escenarios
A1: Tabla 2. Tiempo de ciclo del cruce cabecera–cabecera por sentido y escenario
A3: Sentido | B3: Escenario | C3: Horas | D3: Minutos | E3: Velocidad media (km/h) | F3: Cómo se obtiene | G3: Marca | I3: Parámetros
A4: Ibagué → Calarcá | B4: Mínimo | C4: =Tramos!E9 -> 2.9975816 | D4: =C4*60 -> 179.85489 | E4: =Tramos!C9/C4 -> 28.359529 | F4: Suma de horas por terreno del SICE-TAC (Tabla 1): flujo libre con velocidades oficiales | G4: [F→CP] | I4: Tiempo típico (h) | J4: 4
A5: Ibagué → Calarcá | B5: Típico | C5: =$J$4 -> 4 | D5: =C5*60 -> 240 | E5: =Tramos!C9/C5 -> 21.2525 | F5: «Paso actual: 4 horas (valor medio)», fuente primaria | G5: [F, dia. 29] | I5: Espera máx. pare y siga (h) | J5: 1
A6: Ibagué → Calarcá | B6: Máximo | C6: =$J$4+$J$5 -> 5 | D6: =C6*60 -> 300 | E6: =Tramos!C9/C6 -> 17.002 | F6: Típico + 1 h: alternancia horaria por sentido del pare y siga del INVÍAS (PR 47+380, desde 25 jul 2026) | G6: [F→CP]
A8: Calarcá → Ibagué | B8: Mínimo | C8: =Tramos!E16 -> 2.4734654 | D8: =C8*60 -> 148.40793 | E8: =Tramos!C16/C8 -> 30.794851 | F8: Suma de horas por terreno del SICE-TAC (Tabla 1): flujo libre con velocidades oficiales | G8: [F→CP]
A9: Calarcá → Ibagué | B9: Típico | C9: =$J$4 -> 4 | D9: =C9*60 -> 240 | E9: =Tramos!C16/C9 -> 19.0425 | F9: «Paso actual: 4 horas (valor medio)», fuente primaria | G9: [F, dia. 29]
A10: Calarcá → Ibagué | B10: Máximo | C10: =$J$4+$J$5 -> 5 | D10: =C10*60 -> 300 | E10: =Tramos!C16/C10 -> 15.234 | F10: Típico + 1 h: alternancia horaria por sentido del pare y siga del INVÍAS (PR 47+380, desde 25 jul 2026) | G10: [F→CP]
A13: Tabla 3. Ciclo de ida y vuelta (Ibagué → Calarcá → Ibagué), sin cargue ni descargue
A15: Escenario | B15: Horas | C15: Minutos
A16: Mínimo | B16: =C4+C8 -> 5.471047 | C16: =B16*60 -> 328.26282
A17: Típico | B17: =C5+C9 -> 8 | C17: =B17*60 -> 480
A18: Máximo | B18: =C6+C10 -> 10 | C18: =B18*60 -> 600
A20: Lectura: el modelo oficial (mínimo) supone flujo libre; los 4 h del proponente equivalen a una velocidad media de unos 20 km/h, coherente con su propia afirmación «< 20 km/h» (dia. 13). El máximo representa la operación con un paso restringido como el de jul–sep 2026; el corredor ha tenido emergencias recurrentes, pero no hay estadística pública de frecuencia: por eso se trata como escenario y no como promedio.

Sheet Controles
A1: Tabla 4. Controles externos y evento extremo (se registran; no entran al cálculo)
A3: Quién | B3: Qué | C3: Valor | D3: Detalle | E3: Fuente | F3: Nota
A4: INVÍAS | B4: Ahorro del Cruce de la Cordillera Central, carga pesada, Calarcá–Cajamarca | C4: ≈ 50 min | D4: Velocidad de 15 a 60 km/h | E4: INVIAS | F4: Declarado en la web del INVÍAS; no dice si es medido o esperado.
A5: CAF | B5: Ahorro del Túnel II Centenario, vehículos pesados | C5: 80 min | D5: Velocidad de 18 a 60 km/h, tramo Cajamarca–Calarcá | E5: CAF | F5: Impacto ESPERADO en la estructuración; la propia CAF anota que no se documentó línea base (pág. 8).
A6: Ponencia | B6: Velocidad media actual del tramo Ibagué–Armenia | C6: < 20 km/h | D6: «Servicio irregular» | E6: PON | F6: [F, dia. 13]
A7: Prensa | B7: Evento extremo: trancones en Calle Larga (Cajamarca) | C7: 8 a 10 h | D7: Una o dos veces por semana, jul–sep 2026 | E7: PRENSA_8H | F7: Declaración del alcalde de Cajamarca; reapertura de ambos carriles prevista el 30 sep 2026. No entra al promedio.
A9: INVÍAS y CAF no coinciden (50 frente a 80 min) y CAF aclara que su cifra es un impacto esperado sin línea base. Ninguna de las dos mide el cruce completo Ibagué–Calarcá: solo el tramo del túnel. Por eso se usan como control de orden de magnitud.

Sheet Fuentes
A1: Tabla 5. Fuentes citadas y huella md5 de los archivos usados
A3: Clave | B3: Referencia | C3: Archivo local | D3: md5
A4: PON | B4: Fernández Ordóñez, H. O. (2025). Túnel para cruce férreo de la Cordillera Central de los Andes y semilla para la Estrella Andina. XX Seminario Andino de Túneles y Obras Subterráneas, SAI, Medellín, 8 oct 2025. Fuente primaria del proyecto. | C4: Túnel para cruce férreo cordillera Central -SAI- 08octubre2025.pdf | D4: 2e7d264eb6d98f368dc9a6bd5bf5bd6d
A5: SICETAC_IBG_CAL | B5: Ministerio de Transporte. SICE-TAC, consulta pública (plc.mintransporte.gov.co), periodo de referencia 20260901: tractocamión 3S3, portacontenedores, contenedor cargado, cargado, 2 h de cargue y 2 h de descargue. Rutas 14037 (Ibagué–Calarcá) y 15393 (Calarcá–Ibagué). Consultado y guardado en PDF el 29 sep 2026. | C5: OE6_Logistica/Fuentes/sicetac_IBG_CAL_3S3.pdf | D5: c991f42266763925dbb7f1ff4d959ed5
A6: SICETAC_CAL_IBG | B6: Ministerio de Transporte. SICE-TAC, consulta pública (plc.mintransporte.gov.co), periodo de referencia 20260901: tractocamión 3S3, portacontenedores, contenedor cargado, cargado, 2 h de cargue y 2 h de descargue. Rutas 14037 (Ibagué–Calarcá) y 15393 (Calarcá–Ibagué). Consultado y guardado en PDF el 29 sep 2026. | C6: OE6_Logistica/Fuentes/sicetac_CAL_IBG_3S3.pdf | D6: d5db8d1a5738d305169b755f79936152
A7: SICETAC_DIST | B7: Ministerio de Transporte, Oficina de Regulación Económica. Distancias por tipo de terreno, rutas SICE-TAC, corte 01-09-2026 (xlsx). | C7: OE6_Logistica/Fuentes/DISTANCIAS_TIPO_DE_TERRENO_RUTAS_SICETAC-2026-09-01.xlsx | D7: 0da631933a44d12069e59806877b8982
A8: CAF | B8: CAF (2024). Evaluación ex post: Proyecto Cruce de la Cordillera Central – Túnel II Centenario (Colombia), pág. 8 (impactos esperados). | C8: OE6_Logistica/Fuentes/caf_expost_linea_2024.pdf | D8: e37299dc391fa062e9b2e7d508630d62
A9: INVIAS | B9: INVÍAS. Cruce de la Cordillera Central – preguntas frecuentes. https://crucecordilleracentral.invias.gov.co/faqs.php (consultado 29 sep 2026). | C9: — | D9: —
A10: INVIAS_PMT | B10: Infobae (4 ago 2026), con declaraciones del INVÍAS: emergencia del PR 47+0380 a 47+0480 (Calle Larga, Cajamarca) desde el 25 jul 2026; paso a un carril con «pare y siga» y alternancia de una hora por sentido. | C10: — | D10: —
A11: PRENSA_8H | B11: Semana (2 sep 2026): el alcalde de Cajamarca reporta trancones de 8 a 10 horas una o dos veces por semana; reapertura de ambos carriles prevista el 30 sep 2026. | C11: — | D11: —
