Workbook

Sheet Portada
B8: Matriz de costos operativos unitarios del transporte de carga
B9: Objetivo específico 6 · Actividad 3 — Tractocamión 3S3 portacontenedor, costos eficientes SICE-TAC (sep 2026)
B11: Objetivo | C11: OE 6: Determinar la eficiencia logística del sistema intermodal Ferropista, calculando la reducción de tiempos de ciclo y de costos operativos frente a la operación actual por la Ruta 40.
B12: Actividad | C12: 3. Estructuración de la matriz de costos operativos unitarios del transporte de carga
B13: Entregable / formato | C13: Matriz de costos unitarios · Documento Excel
B14: Periodo | C14: Bloque 2 del Plan de Acción (5 oct - 7 nov 2026)
B15: Responsable asignado | C15: Torrente Parra Daniel Ignacio
B16: Apoyo en la ejecución | C16: Tamayo Osorio Miguel Ángel, con apoyo de IA (Claude)
B17: Semillero | C17: Semillero de Investigación GEOPAV · Ingeniería Civil · Universidad de Ibagué · Paz y Región 2026B
B18: Fecha de elaboración | C18: 29 sep 2026
B19: Advertencia | C19: Son costos EFICIENTES de referencia del Ministerio (piso para la relación transportador–generador), no costos observados de una flota. Un solo vehículo representativo (3S3 portacontenedor); los camiones medianos no se modelan.
B21: Índice de hojas (tabla de contenido)
B22: Insumos | C22: Tabla 1. Insumos de las consultas SICE-TAC por sentido
B23: Unitarios | C23: Tabla 2. Costos unitarios por hora y por kilómetro · Tabla 3. Combustible por terreno · Tabla 4. Factor de otros costos
B24: Verificación | C24: Tabla 5. Reproducción del costo SICE-TAC con los unitarios
B25: Peajes | C25: Tabla 6. Peajes de la Ruta 40 por sentido, categoría V
B26: Fuentes | C26: Tabla 7. Fuentes citadas y huella md5
B28: Índice de tablas: tablas 1 a 7 según el índice de hojas. Índice de figuras: no tiene. Índice de anexos: las consultas SICE-TAC en PDF, en OE6_Logistica/Fuentes/. Script: OE6_Logistica/Act3_CostosUnitarios/matriz_costos_unitarios_OE6.py. Convención: azul = entrada leída de una fuente; verde = valor leído de otro producto del OE 6; fondo amarillo = hipótesis [H]; negro = fórmula. Marcas: [F] fuente citada · [CP] cálculo propio reproducible · [H] hipótesis declarada · [DA] dato por consultar. Elaborado con apoyo de IA (Claude) y verificado contra las fuentes.

Sheet Insumos
A1: Tabla 1. Insumos leídos de las consultas SICE-TAC (periodo 20260901)
A3: Insumo | B3: Ibagué → Calarcá | C3: Calarcá → Ibagué | D3: Unidad
A4: Costos fijos del mes | B4: 17032530 | C4: 17032530 | D4: $/mes
A5: Horas hábiles del mes | B5: 230 | C5: 230 | D5: h
A6: Horas logísticas (cargue + descargue) | B6: 4 | C6: 4 | D6: h
A7: Valor ACPM | B7: 11616 | C7: 11616 | D7: $/galón
A8: Llantas | B8: 534.64 | C8: 534.64 | D8: $/km
A9: Lubricantes | B9: 137.06 | C9: 137.06 | D9: $/km
A10: Filtros | B10: 69.51 | C10: 69.51 | D10: $/km
A11: Mantenimiento y reparación | B11: 804.27 | C11: 804.27 | D11: $/km
A12: Lavado y engrase | B12: 51.07 | C12: 51.07 | D12: $/km
A13: Tasa de imprevistos | B13: 0.075 | C13: 0.075 | D13: —
A14: Subtotal costos fijos del viaje | B14: 518202.25 | C14: 479389.1 | D14: $
A15: Subtotal costos variables del viaje | B15: 506520.27 | C15: 387520.76 | D15: $
... A23: Distancia total | B23: 85.01 | C23: 76.17 | D23: km
A25: Terreno | B25: km Ibagué → Calarcá | C25: km Calarcá → Ibagué | D25: Velocidad (km/h) | E25: Rendimiento (km/galón)
A26: Plano | B26: 14.94 | C26: 25.09 | D26: 56.25 | E26: 6.48
A27: Ondulado | B27: 20.09 | C27: 11.83 | D27: 33.13 | E27: 4.8
A28: Montaña | B28: 38.77 | C28: 28.04 | D28: 23.57 | E28: 3.26
A29: Urbano | B29: 11 | C29: 11 | D29: 23.57 | E29: 3.26
A30: Afirmado | B30: 0.21 | C30: 0.21 | D30: 15 | E30: 2.07
A32: Todas las cifras en azul se leen automáticamente del PDF de la consulta (script, sin transcripción manual). El SICE-TAC publica en formato numérico en-US; aquí se muestran en es-CO.

Sheet Unitarios
A1: Tabla 2. Costos unitarios del tractocamión 3S3 (pesos de septiembre de 2026)
A3: Unidad de costo | B3: Valor | C3: Unidad | D3: Cómo se obtiene | E3: Marca
A4: Costo fijo por hora de vehículo | B4: =Insumos!B4/Insumos!B5 -> 74054.477 | C4: $/h | D4: Costos fijos del mes / horas hábiles del mes | E4: [CP]
A5: Costo variable por km sin combustible | B5: =SUM(Insumos!B8:B12)*(1+Insumos!B13) -> 1716.2912 | C5: $/km | D5: (Llantas + lubricantes + filtros + mantenimiento + lavado) × (1 + imprevistos) | E5: [CP]
A6: Factor de otros costos f | B6: =(Insumos!B16+Insumos!B17+Insumos!B18)/(Insumos!B14+Insumos!B15) -> 0.224824 | C6: — | D6: (Comisiones + administrativo + retefuente e ICA) / (fijos + variables del viaje) | E6: [CP]
A7: Costo por hora con otros costos | B7: =B4*(1+B6) -> 90703.702 | C7: $/h | D7: Costo fijo por hora × (1 + f). Debe igualar el «costo hora» publicado | E7: [CP]
A8: Control: costo hora publicado | B8: =Insumos!B20 -> 90704 | C8: $/h | D8: SICE-TAC (resumen de la consulta) | E8: [F]
A9: Diferencia relativa | B9: =B7/B8-1 -> -3.2895603e-06 | C9: — | D9: Criterio: |dif.| ≤ 0,1 % | E9: [CP]
A12: Tabla 3. Combustible por kilómetro y tipo de terreno
A13: Terreno | B13: Combustible ($/km) | C13: Unidad | D13: Cómo se obtiene | E13: Marca
A14: Plano | B14: =Insumos!B7/Insumos!E26 -> 1792.5926 | C14: $/km | D14: Valor ACPM / rendimiento del terreno | E14: [CP]
A15: Ondulado | B15: =Insumos!B7/Insumos!E27 -> 2420 | C15: $/km | D15: Valor ACPM / rendimiento del terreno | E15: [CP]
A16: Montaña | B16: =Insumos!B7/Insumos!E28 -> 3563.1902 | C16: $/km | D16: Valor ACPM / rendimiento del terreno | E16: [CP]
A17: Urbano | B17: =Insumos!B7/Insumos!E29 -> 3563.1902 | C17: $/km | D17: Valor ACPM / rendimiento del terreno | E17: [CP]
A18: Afirmado | B18: =Insumos!B7/Insumos!E30 -> 5611.5942 | C18: $/km | D18: Valor ACPM / rendimiento del terreno | E18: [CP]
A20: Tabla 4. Desglose del factor de otros costos
A21: Componente | B21: Tasa sobre fijos + variables | D21: Rótulo en el SICE-TAC | E21: Marca
A22: Comisiones + factor prestacional | B22: =Insumos!B16/(Insumos!B14+Insumos!B15) -> 0.136824 | D22: Comisiones + Factor Prestacional | E22: [CP]
A23: Factor administrativo | B23: =Insumos!B17/(Insumos!B14+Insumos!B15) -> 0.050000004 | D23: Factor Administrativo (5 %) | E23: [CP]
A24: Retefuente + ICA | B24: =Insumos!B18/(Insumos!B14+Insumos!B15) -> 0.038000004 | D24: Retefuente + ICA (3,5 % + 0,3 %) = 3,8 % | E24: [CP]
A26: El SICE-TAC reparte los costos fijos del mes entre los viajes por horas (factor de viajes = horas hábiles / horas de recorrido); por eso el costo fijo es un costo por HORA de vehículo, que vale tanto conduciendo como esperando o viajando sobre el tren. Horas hábiles: 230 h/mes, vigentes desde el 15 jul 2026 (el SICE-TAC las bajó de 238 h por la Ley 2101 de 2021, según las «fechas de actualización» de la propia consulta); el protocolo de la Res. 20243040057465 de 2024 partía de 288 h.

Sheet Verificación
A1: Tabla 5. Reproducción del costo SICE-TAC con los costos unitarios (criterio: diferencia ≤ 0,1 %)
A3: Concepto | B3: Ibagué → Calarcá | C3: Calarcá → Ibagué | D3: Cómo se obtiene
A4: Horas de viaje | B4: =Insumos!B26/Insumos!D26+Insumos!B27/Insumos!D27+Insumos!B28/Insumos!D28+Insumos!B29/Insumos!D29+Insumos!B30/Insumos!D30 -> 2.9975816 | C4: =Insumos!C26/Insumos!D26+Insumos!C27/Insumos!D27+Insumos!C28/Insumos!D28+Insumos!C29/Insumos!D29+Insumos!C30/Insumos!D30 -> 2.4734654 | D4: Σ km / velocidad por terreno
A5: Combustible del viaje | B5: =Insumos!B26*Unitarios!B14+Insumos!B27*Unitarios!B15+Insumos!B28*Unitarios!B16+Insumos!B29*Unitarios!B17+Insumos!B30*Unitarios!B18 -> 253917.54 | C5: =Insumos!C26*Unitarios!B14+Insumos!C27*Unitarios!B15+Insumos!C28*Unitarios!B16+Insumos!C29*Unitarios!B17+Insumos!C30*Unitarios!B18 -> 213890.13 | D5: Σ km × combustible por km
A6: Variables sin combustible | B6: =Insumos!B23*Unitarios!B5 -> 145901.92 | C6: =Insumos!C23*Unitarios!B5 -> 130729.9 | D6: km totales × costo variable por km
A7: Peajes | B7: =Insumos!B19 -> 106700 | C7: =Insumos!C19 -> 42900 | D7: Listado oficial de peajes (Tabla 6)
A8: Costo de movilización reproducido | B8: =(Unitarios!$B$4*B4+B5+B6+B7)*(1+Unitarios!$B$6) -> 892288.94 | C8: =(Unitarios!$B$4*C4+C5+C6+C7)*(1+Unitarios!$B$6) -> 698996.31 | D8: (costo fijo/h × horas + variables) × (1 + f)
A9: Costo de movilización publicado | B9: =Insumos!B21 -> 892292 | C9: =Insumos!C21 -> 699001 | D9: SICE-TAC [F]
A10: Diferencia relativa | B10: =B8/B9-1 -> -3.430068e-06 | C10: =C8/C9-1 -> -6.7126282e-06
A11: Costo total del viaje reproducido | B11: =(Unitarios!$B$4*(B4+Insumos!B6)+B5+B6+B7)*(1+Unitarios!$B$6) -> 1255103.7 | C11: =(Unitarios!$B$4*(C4+Insumos!C6)+C5+C6+C7)*(1+Unitarios!$B$6) -> 1061811.1 | D11: Incluye las 4 h logísticas mínimas
A12: Costo total del viaje publicado | B12: =Insumos!B22 -> 1255108 | C12: =Insumos!C22 -> 1061817 | D12: SICE-TAC [F]
A13: Diferencia relativa | B13: =B11/B12-1 -> -3.3894512e-06 | C13: =C11/C12-1 -> -5.5429881e-06
A15: Si alguna diferencia supera el 0,1 %, el script se detiene antes de escribir este archivo. Resultado de la corrida: Ibagué → Calarcá: movilización -0,0003 %, total -0,0003 %; Calarcá → Ibagué: movilización -0,0007 %, total -0,0006 %.

Sheet Peajes
A1: Tabla 6. Peajes de la Ruta 40 entre Ibagué y Calarcá, categoría V (tractocamión 3S3)
A3: Sentido | B3: Peaje | C3: Tarifa ($) | D3: Marca
A4: Ibagué → Calarcá | B4: COCORA | C4: 63800 | D4: [F] listado SICE-TAC 01-09-2026
A5: Ibagué → Calarcá | B5: TUNEL DE LA LINEA TOLIMA | C5: 42900 | D5: [F] listado SICE-TAC 01-09-2026
A6: Calarcá → Ibagué | B6: TUNEL DE LA LINEA QUINDIO | C6: 42900 | D6: [F] listado SICE-TAC 01-09-2026
A8: El peaje de Cocora solo se cobra en sentido Ibagué → Cajamarca; por eso el viaje de ida paga 106.700 $ y el de regreso 42.900 $.

Sheet Fuentes
A1: Tabla 7. Fuentes citadas y huella md5 de los archivos usados
A3: Clave | B3: Referencia | C3: Archivo local | D3: md5
A4: SICETAC_IBG_CAL | B4: Ministerio de Transporte. SICE-TAC, consulta pública (plc.mintransporte.gov.co), periodo de referencia 20260901: tractocamión 3S3, portacontenedores, contenedor cargado, cargado, 2 h de cargue y 2 h de descargue. Rutas 14037 (Ibagué–Calarcá) y 15393 (Calarcá–Ibagué). Consultado y guardado en PDF el 29 sep 2026. | C4: OE6_Logistica/Fuentes/sicetac_IBG_CAL_3S3.pdf | D4: c991f42266763925dbb7f1ff4d959ed5
A5: SICETAC_CAL_IBG | B5: Ministerio de Transporte. SICE-TAC, consulta pública (plc.mintransporte.gov.co), periodo de referencia 20260901: tractocamión 3S3, portacontenedores, contenedor cargado, cargado, 2 h de cargue y 2 h de descargue. Rutas 14037 (Ibagué–Calarcá) y 15393 (Calarcá–Ibagué). Consultado y guardado en PDF el 29 sep 2026. | C5: OE6_Logistica/Fuentes/sicetac_CAL_IBG_3S3.pdf | D5: d5db8d1a5738d305169b755f79936152
A6: SICETAC_PEAJ | B6: Ministerio de Transporte. Peajes por rutas con tarifas, SICE-TAC, corte 01-09-2026 (xlsx). | C6: OE6_Logistica/Fuentes/PeajesPorRutasConTarifas_SICETAC_2026-09-01.xlsx | D6: fc08f828f3d1785a0a236a0cdc44a8c2
A7: RES2024 | B7: Ministerio de Transporte. Resolución 20243040057465 del 26-11-2024, protocolo SICE-TAC (anexo), págs. 13-14. | C7: OE6_Logistica/Fuentes/Anexo_Resolucion_20243040057465.pdf | D7: 4b904c9c93e17704b40d7829009435d5
A8: RES2026 | B8: Ministerio de Transporte. Resolución 20263040018445 de 2026 (14-05-2026), actualización del SICE-TAC. | C8: OE6_Logistica/Fuentes/Resolucion_20263040018445_14-05-2026_SICE-TAC.pdf | D8: 28f13ac110aa2ecd716f217ffac04e11
